tree,leaf_colour,grove,parameter,replicate,value
tree_01,red,Sunhollow,kernel_mass_g,1,30.68
tree_01,red,Sunhollow,oil_content_pct,1,12.566
tree_01,red,Sunhollow,kernel_yield_ct,1,37.031
tree_01,red,Sunhollow,nut_quality_index,1,67.938
tree_01,red,Sunhollow,protein_pct,1,12.374
tree_01,red,Sunhollow,moisture_pct,1,8.048
tree_01,red,Sunhollow,shell_hardness,1,56.534
tree_01,red,Sunhollow,nut_diameter_mm,1,24.75
tree_01,red,Sunhollow,kernel_mass_g,2,31.66
tree_01,red,Sunhollow,oil_content_pct,2,13.0
tree_01,red,Sunhollow,kernel_yield_ct,2,39.58
tree_01,red,Sunhollow,nut_quality_index,2,68.536
tree_01,red,Sunhollow,protein_pct,2,14.678
tree_01,red,Sunhollow,moisture_pct,2,8.471
tree_01,red,Sunhollow,shell_hardness,2,51.814
tree_01,red,Sunhollow,nut_diameter_mm,2,20.039
tree_01,red,Sunhollow,kernel_mass_g,3,28.597
tree_01,red,Sunhollow,oil_content_pct,3,11.308
tree_01,red,Sunhollow,kernel_yield_ct,3,37.93
tree_01,red,Sunhollow,nut_quality_index,3,66.64
tree_01,red,Sunhollow,protein_pct,3,13.313
tree_01,red,Sunhollow,moisture_pct,3,8.379
tree_01,red,Sunhollow,shell_hardness,3,57.958
tree_01,red,Sunhollow,nut_diameter_mm,3,19.772
tree_01,red,Sunhollow,kernel_mass_g,4,30.772
tree_01,red,Sunhollow,oil_content_pct,4,10.677
tree_01,red,Sunhollow,kernel_yield_ct,4,41.63
tree_01,red,Sunhollow,nut_quality_index,4,70.651
tree_01,red,Sunhollow,protein_pct,4,13.288
tree_01,red,Sunhollow,moisture_pct,4,7.318
tree_01,red,Sunhollow,shell_hardness,4,59.372
tree_01,red,Sunhollow,nut_diameter_mm,4,20.435
tree_02,red,Sunhollow,kernel_mass_g,1,31.466
tree_02,red,Sunhollow,oil_content_pct,1,10.854
tree_02,red,Sunhollow,kernel_yield_ct,1,41.727
tree_02,red,Sunhollow,nut_quality_index,1,70.103
tree_02,red,Sunhollow,protein_pct,1,14.763
tree_02,red,Sunhollow,moisture_pct,1,8.54
tree_02,red,Sunhollow,shell_hardness,1,54.977
tree_02,red,Sunhollow,nut_diameter_mm,1,22.633
tree_02,red,Sunhollow,kernel_mass_g,2,32.314
tree_02,red,Sunhollow,oil_content_pct,2,9.911
tree_02,red,Sunhollow,kernel_yield_ct,2,38.386
tree_02,red,Sunhollow,nut_quality_index,2,69.391
tree_02,red,Sunhollow,protein_pct,2,11.786
tree_02,red,Sunhollow,moisture_pct,2,8.417
tree_02,red,Sunhollow,shell_hardness,2,47.984
tree_02,red,Sunhollow,nut_diameter_mm,2,21.591
tree_02,red,Sunhollow,kernel_mass_g,3,33.869
tree_02,red,Sunhollow,oil_content_pct,3,11.503
tree_02,red,Sunhollow,kernel_yield_ct,3,41.009
tree_02,red,Sunhollow,nut_quality_index,3,66.719
tree_02,red,Sunhollow,protein_pct,3,15.686
tree_02,red,Sunhollow,moisture_pct,3,8.984
tree_02,red,Sunhollow,shell_hardness,3,62.945
tree_02,red,Sunhollow,nut_diameter_mm,3,20.567
tree_02,red,Sunhollow,kernel_mass_g,4,32.667
tree_02,red,Sunhollow,oil_content_pct,4,11.243
tree_02,red,Sunhollow,kernel_yield_ct,4,41.082
tree_02,red,Sunhollow,nut_quality_index,4,71.355
tree_02,red,Sunhollow,protein_pct,4,14.797
tree_02,red,Sunhollow,moisture_pct,4,7.866
tree_02,red,Sunhollow,shell_hardness,4,53.761
tree_02,red,Sunhollow,nut_diameter_mm,4,24.203
tree_03,gold,Sunhollow,kernel_mass_g,1,30.01
tree_03,gold,Sunhollow,oil_content_pct,1,13.777
tree_03,gold,Sunhollow,kernel_yield_ct,1,40.941
tree_03,gold,Sunhollow,nut_quality_index,1,76.132
tree_03,gold,Sunhollow,protein_pct,1,13.449
tree_03,gold,Sunhollow,moisture_pct,1,8.901
tree_03,gold,Sunhollow,shell_hardness,1,60.643
tree_03,gold,Sunhollow,nut_diameter_mm,1,20.871
tree_03,gold,Sunhollow,kernel_mass_g,2,27.718
tree_03,gold,Sunhollow,oil_content_pct,2,12.415
tree_03,gold,Sunhollow,kernel_yield_ct,2,40.434
tree_03,gold,Sunhollow,nut_quality_index,2,78.835
tree_03,gold,Sunhollow,protein_pct,2,14.461
tree_03,gold,Sunhollow,moisture_pct,2,6.909
tree_03,gold,Sunhollow,shell_hardness,2,47.226
tree_03,gold,Sunhollow,nut_diameter_mm,2,20.785
tree_03,gold,Sunhollow,kernel_mass_g,3,27.97
tree_03,gold,Sunhollow,oil_content_pct,3,12.014
tree_03,gold,Sunhollow,kernel_yield_ct,3,39.096
tree_03,gold,Sunhollow,nut_quality_index,3,77.347
tree_03,gold,Sunhollow,protein_pct,3,14.389
tree_03,gold,Sunhollow,moisture_pct,3,8.536
tree_03,gold,Sunhollow,shell_hardness,3,59.324
tree_03,gold,Sunhollow,nut_diameter_mm,3,21.838
tree_03,gold,Sunhollow,kernel_mass_g,4,34.356
tree_03,gold,Sunhollow,oil_content_pct,4,12.483
tree_03,gold,Sunhollow,kernel_yield_ct,4,41.407
tree_03,gold,Sunhollow,nut_quality_index,4,80.532
tree_03,gold,Sunhollow,protein_pct,4,13.009
tree_03,gold,Sunhollow,moisture_pct,4,7.245
tree_03,gold,Sunhollow,shell_hardness,4,54.812
tree_03,gold,Sunhollow,nut_diameter_mm,4,23.155
tree_04,gold,Sunhollow,kernel_mass_g,1,31.919
tree_04,gold,Sunhollow,oil_content_pct,1,11.1
tree_04,gold,Sunhollow,kernel_yield_ct,1,42.16
tree_04,gold,Sunhollow,nut_quality_index,1,72.656
tree_04,gold,Sunhollow,protein_pct,1,14.269
tree_04,gold,Sunhollow,moisture_pct,1,8.383
tree_04,gold,Sunhollow,shell_hardness,1,54.144
tree_04,gold,Sunhollow,nut_diameter_mm,1,19.321
tree_04,gold,Sunhollow,kernel_mass_g,2,28.524
tree_04,gold,Sunhollow,oil_content_pct,2,12.231
tree_04,gold,Sunhollow,kernel_yield_ct,2,40.761
tree_04,gold,Sunhollow,nut_quality_index,2,75.139
tree_04,gold,Sunhollow,protein_pct,2,14.585
tree_04,gold,Sunhollow,moisture_pct,2,7.513
tree_04,gold,Sunhollow,shell_hardness,2,51.871
tree_04,gold,Sunhollow,nut_diameter_mm,2,22.538
tree_04,gold,Sunhollow,kernel_mass_g,3,29.984
tree_04,gold,Sunhollow,oil_content_pct,3,11.956
tree_04,gold,Sunhollow,kernel_yield_ct,3,39.383
tree_04,gold,Sunhollow,nut_quality_index,3,77.801
tree_04,gold,Sunhollow,protein_pct,3,13.164
tree_04,gold,Sunhollow,moisture_pct,3,10.105
tree_04,gold,Sunhollow,shell_hardness,3,56.135
tree_04,gold,Sunhollow,nut_diameter_mm,3,22.972
tree_04,gold,Sunhollow,kernel_mass_g,4,29.212
tree_04,gold,Sunhollow,oil_content_pct,4,11.657
tree_04,gold,Sunhollow,kernel_yield_ct,4,34.551
tree_04,gold,Sunhollow,nut_quality_index,4,76.699
tree_04,gold,Sunhollow,protein_pct,4,15.672
tree_04,gold,Sunhollow,moisture_pct,4,9.285
tree_04,gold,Sunhollow,shell_hardness,4,50.211
tree_04,gold,Sunhollow,nut_diameter_mm,4,22.104
tree_05,green,Sunhollow,kernel_mass_g,1,29.654
tree_05,green,Sunhollow,oil_content_pct,1,11.513
tree_05,green,Sunhollow,kernel_yield_ct,1,39.04
tree_05,green,Sunhollow,nut_quality_index,1,82.47
tree_05,green,Sunhollow,protein_pct,1,13.113
tree_05,green,Sunhollow,moisture_pct,1,7.818
tree_05,green,Sunhollow,shell_hardness,1,52.933
tree_05,green,Sunhollow,nut_diameter_mm,1,22.629
tree_05,green,Sunhollow,kernel_mass_g,2,33.727
tree_05,green,Sunhollow,oil_content_pct,2,13.362
tree_05,green,Sunhollow,kernel_yield_ct,2,40.272
tree_05,green,Sunhollow,nut_quality_index,2,78.792
tree_05,green,Sunhollow,protein_pct,2,15.191
tree_05,green,Sunhollow,moisture_pct,2,7.51
tree_05,green,Sunhollow,shell_hardness,2,56.316
tree_05,green,Sunhollow,nut_diameter_mm,2,21.934
tree_05,green,Sunhollow,kernel_mass_g,3,31.138
tree_05,green,Sunhollow,oil_content_pct,3,11.926
tree_05,green,Sunhollow,kernel_yield_ct,3,40.498
tree_05,green,Sunhollow,nut_quality_index,3,79.025
tree_05,green,Sunhollow,protein_pct,3,13.525
tree_05,green,Sunhollow,moisture_pct,3,7.814
tree_05,green,Sunhollow,shell_hardness,3,52.977
tree_05,green,Sunhollow,nut_diameter_mm,3,22.315
tree_05,green,Sunhollow,kernel_mass_g,4,35.467
tree_05,green,Sunhollow,oil_content_pct,4,11.823
tree_05,green,Sunhollow,kernel_yield_ct,4,44.124
tree_05,green,Sunhollow,nut_quality_index,4,81.868
tree_05,green,Sunhollow,protein_pct,4,11.119
tree_05,green,Sunhollow,moisture_pct,4,9.556
tree_05,green,Sunhollow,shell_hardness,4,52.237
tree_05,green,Sunhollow,nut_diameter_mm,4,21.68
tree_06,green,Sunhollow,kernel_mass_g,1,30.878
tree_06,green,Sunhollow,oil_content_pct,1,11.883
tree_06,green,Sunhollow,kernel_yield_ct,1,43.546
tree_06,green,Sunhollow,nut_quality_index,1,77.325
tree_06,green,Sunhollow,protein_pct,1,12.816
tree_06,green,Sunhollow,moisture_pct,1,7.792
tree_06,green,Sunhollow,shell_hardness,1,53.154
tree_06,green,Sunhollow,nut_diameter_mm,1,20.836
tree_06,green,Sunhollow,kernel_mass_g,2,33.761
tree_06,green,Sunhollow,oil_content_pct,2,13.283
tree_06,green,Sunhollow,kernel_yield_ct,2,42.769
tree_06,green,Sunhollow,nut_quality_index,2,76.347
tree_06,green,Sunhollow,protein_pct,2,14.026
tree_06,green,Sunhollow,moisture_pct,2,8.588
tree_06,green,Sunhollow,shell_hardness,2,57.085
tree_06,green,Sunhollow,nut_diameter_mm,2,22.589
tree_06,green,Sunhollow,kernel_mass_g,3,30.517
tree_06,green,Sunhollow,oil_content_pct,3,11.174
tree_06,green,Sunhollow,kernel_yield_ct,3,44.073
tree_06,green,Sunhollow,nut_quality_index,3,72.569
tree_06,green,Sunhollow,protein_pct,3,14.777
tree_06,green,Sunhollow,moisture_pct,3,9.327
tree_06,green,Sunhollow,shell_hardness,3,55.494
tree_06,green,Sunhollow,nut_diameter_mm,3,22.322
tree_06,green,Sunhollow,kernel_mass_g,4,32.136
tree_06,green,Sunhollow,oil_content_pct,4,12.979
tree_06,green,Sunhollow,kernel_yield_ct,4,42.565
tree_06,green,Sunhollow,nut_quality_index,4,79.984
tree_06,green,Sunhollow,protein_pct,4,12.575
tree_06,green,Sunhollow,moisture_pct,4,11.085
tree_06,green,Sunhollow,shell_hardness,4,56.547
tree_06,green,Sunhollow,nut_diameter_mm,4,24.127
tree_07,silver,Sunhollow,kernel_mass_g,1,32.68
tree_07,silver,Sunhollow,oil_content_pct,1,13.394
tree_07,silver,Sunhollow,kernel_yield_ct,1,36.931
tree_07,silver,Sunhollow,nut_quality_index,1,70.534
tree_07,silver,Sunhollow,protein_pct,1,14.864
tree_07,silver,Sunhollow,moisture_pct,1,9.062
tree_07,silver,Sunhollow,shell_hardness,1,54.742
tree_07,silver,Sunhollow,nut_diameter_mm,1,24.076
tree_07,silver,Sunhollow,kernel_mass_g,2,33.094
tree_07,silver,Sunhollow,oil_content_pct,2,10.627
tree_07,silver,Sunhollow,kernel_yield_ct,2,38.173
tree_07,silver,Sunhollow,nut_quality_index,2,71.456
tree_07,silver,Sunhollow,protein_pct,2,13.777
tree_07,silver,Sunhollow,moisture_pct,2,9.056
tree_07,silver,Sunhollow,shell_hardness,2,59.733
tree_07,silver,Sunhollow,nut_diameter_mm,2,23.683
tree_07,silver,Sunhollow,kernel_mass_g,3,32.175
tree_07,silver,Sunhollow,oil_content_pct,3,12.067
tree_07,silver,Sunhollow,kernel_yield_ct,3,37.756
tree_07,silver,Sunhollow,nut_quality_index,3,67.929
tree_07,silver,Sunhollow,protein_pct,3,14.486
tree_07,silver,Sunhollow,moisture_pct,3,7.647
tree_07,silver,Sunhollow,shell_hardness,3,56.105
tree_07,silver,Sunhollow,nut_diameter_mm,3,23.033
tree_07,silver,Sunhollow,kernel_mass_g,4,28.545
tree_07,silver,Sunhollow,oil_content_pct,4,11.982
tree_07,silver,Sunhollow,kernel_yield_ct,4,34.493
tree_07,silver,Sunhollow,nut_quality_index,4,68.58
tree_07,silver,Sunhollow,protein_pct,4,15.673
tree_07,silver,Sunhollow,moisture_pct,4,8.402
tree_07,silver,Sunhollow,shell_hardness,4,57.015
tree_07,silver,Sunhollow,nut_diameter_mm,4,21.5
tree_08,silver,Sunhollow,kernel_mass_g,1,30.722
tree_08,silver,Sunhollow,oil_content_pct,1,11.718
tree_08,silver,Sunhollow,kernel_yield_ct,1,38.511
tree_08,silver,Sunhollow,nut_quality_index,1,65.665
tree_08,silver,Sunhollow,protein_pct,1,13.509
tree_08,silver,Sunhollow,moisture_pct,1,7.824
tree_08,silver,Sunhollow,shell_hardness,1,53.233
tree_08,silver,Sunhollow,nut_diameter_mm,1,22.025
tree_08,silver,Sunhollow,kernel_mass_g,2,32.144
tree_08,silver,Sunhollow,oil_content_pct,2,10.992
tree_08,silver,Sunhollow,kernel_yield_ct,2,42.088
tree_08,silver,Sunhollow,nut_quality_index,2,72.087
tree_08,silver,Sunhollow,protein_pct,2,14.024
tree_08,silver,Sunhollow,moisture_pct,2,7.081
tree_08,silver,Sunhollow,shell_hardness,2,57.569
tree_08,silver,Sunhollow,nut_diameter_mm,2,20.469
tree_08,silver,Sunhollow,kernel_mass_g,3,30.965
tree_08,silver,Sunhollow,oil_content_pct,3,10.421
tree_08,silver,Sunhollow,kernel_yield_ct,3,40.16
tree_08,silver,Sunhollow,nut_quality_index,3,63.786
tree_08,silver,Sunhollow,protein_pct,3,14.385
tree_08,silver,Sunhollow,moisture_pct,3,7.583
tree_08,silver,Sunhollow,shell_hardness,3,56.288
tree_08,silver,Sunhollow,nut_diameter_mm,3,20.61
tree_08,silver,Sunhollow,kernel_mass_g,4,26.791
tree_08,silver,Sunhollow,oil_content_pct,4,10.64
tree_08,silver,Sunhollow,kernel_yield_ct,4,40.273
tree_08,silver,Sunhollow,nut_quality_index,4,62.617
tree_08,silver,Sunhollow,protein_pct,4,13.714
tree_08,silver,Sunhollow,moisture_pct,4,7.943
tree_08,silver,Sunhollow,shell_hardness,4,52.408
tree_08,silver,Sunhollow,nut_diameter_mm,4,22.567
tree_09,red,Downbriar,kernel_mass_g,1,26.982
tree_09,red,Downbriar,oil_content_pct,1,12.671
tree_09,red,Downbriar,kernel_yield_ct,1,38.944
tree_09,red,Downbriar,nut_quality_index,1,72.798
tree_09,red,Downbriar,protein_pct,1,14.714
tree_09,red,Downbriar,moisture_pct,1,6.676
tree_09,red,Downbriar,shell_hardness,1,50.089
tree_09,red,Downbriar,nut_diameter_mm,1,22.197
tree_09,red,Downbriar,kernel_mass_g,2,29.557
tree_09,red,Downbriar,oil_content_pct,2,11.477
tree_09,red,Downbriar,kernel_yield_ct,2,37.347
tree_09,red,Downbriar,nut_quality_index,2,70.48
tree_09,red,Downbriar,protein_pct,2,14.418
tree_09,red,Downbriar,moisture_pct,2,7.888
tree_09,red,Downbriar,shell_hardness,2,48.8
tree_09,red,Downbriar,nut_diameter_mm,2,22.209
tree_09,red,Downbriar,kernel_mass_g,3,25.769
tree_09,red,Downbriar,oil_content_pct,3,13.125
tree_09,red,Downbriar,kernel_yield_ct,3,44.725
tree_09,red,Downbriar,nut_quality_index,3,71.588
tree_09,red,Downbriar,protein_pct,3,12.584
tree_09,red,Downbriar,moisture_pct,3,7.99
tree_09,red,Downbriar,shell_hardness,3,57.963
tree_09,red,Downbriar,nut_diameter_mm,3,21.316
tree_09,red,Downbriar,kernel_mass_g,4,28.958
tree_09,red,Downbriar,oil_content_pct,4,11.189
tree_09,red,Downbriar,kernel_yield_ct,4,41.152
tree_09,red,Downbriar,nut_quality_index,4,67.006
tree_09,red,Downbriar,protein_pct,4,15.667
tree_09,red,Downbriar,moisture_pct,4,7.779
tree_09,red,Downbriar,shell_hardness,4,54.974
tree_09,red,Downbriar,nut_diameter_mm,4,21.049
tree_10,red,Downbriar,kernel_mass_g,1,28.839
tree_10,red,Downbriar,oil_content_pct,1,12.558
tree_10,red,Downbriar,kernel_yield_ct,1,35.149
tree_10,red,Downbriar,nut_quality_index,1,68.679
tree_10,red,Downbriar,protein_pct,1,16.313
tree_10,red,Downbriar,moisture_pct,1,7.068
tree_10,red,Downbriar,shell_hardness,1,59.14
tree_10,red,Downbriar,nut_diameter_mm,1,22.016
tree_10,red,Downbriar,kernel_mass_g,2,28.262
tree_10,red,Downbriar,oil_content_pct,2,12.915
tree_10,red,Downbriar,kernel_yield_ct,2,36.744
tree_10,red,Downbriar,nut_quality_index,2,67.897
tree_10,red,Downbriar,protein_pct,2,15.018
tree_10,red,Downbriar,moisture_pct,2,8.487
tree_10,red,Downbriar,shell_hardness,2,55.072
tree_10,red,Downbriar,nut_diameter_mm,2,21.334
tree_10,red,Downbriar,kernel_mass_g,3,29.07
tree_10,red,Downbriar,oil_content_pct,3,13.086
tree_10,red,Downbriar,kernel_yield_ct,3,39.152
tree_10,red,Downbriar,nut_quality_index,3,69.139
tree_10,red,Downbriar,protein_pct,3,15.289
tree_10,red,Downbriar,moisture_pct,3,6.817
tree_10,red,Downbriar,shell_hardness,3,53.312
tree_10,red,Downbriar,nut_diameter_mm,3,23.945
tree_10,red,Downbriar,kernel_mass_g,4,28.575
tree_10,red,Downbriar,oil_content_pct,4,13.34
tree_10,red,Downbriar,kernel_yield_ct,4,42.835
tree_10,red,Downbriar,nut_quality_index,4,67.366
tree_10,red,Downbriar,protein_pct,4,13.202
tree_10,red,Downbriar,moisture_pct,4,8.935
tree_10,red,Downbriar,shell_hardness,4,58.536
tree_10,red,Downbriar,nut_diameter_mm,4,23.32
tree_11,gold,Downbriar,kernel_mass_g,1,27.782
tree_11,gold,Downbriar,oil_content_pct,1,12.379
tree_11,gold,Downbriar,kernel_yield_ct,1,42.222
tree_11,gold,Downbriar,nut_quality_index,1,77.722
tree_11,gold,Downbriar,protein_pct,1,11.689
tree_11,gold,Downbriar,moisture_pct,1,8.642
tree_11,gold,Downbriar,shell_hardness,1,56.204
tree_11,gold,Downbriar,nut_diameter_mm,1,21.645
tree_11,gold,Downbriar,kernel_mass_g,2,29.618
tree_11,gold,Downbriar,oil_content_pct,2,11.777
tree_11,gold,Downbriar,kernel_yield_ct,2,38.625
tree_11,gold,Downbriar,nut_quality_index,2,78.56
tree_11,gold,Downbriar,protein_pct,2,13.962
tree_11,gold,Downbriar,moisture_pct,2,9.222
tree_11,gold,Downbriar,shell_hardness,2,56.513
tree_11,gold,Downbriar,nut_diameter_mm,2,21.456
tree_11,gold,Downbriar,kernel_mass_g,3,27.874
tree_11,gold,Downbriar,oil_content_pct,3,11.695
tree_11,gold,Downbriar,kernel_yield_ct,3,40.292
tree_11,gold,Downbriar,nut_quality_index,3,72.318
tree_11,gold,Downbriar,protein_pct,3,13.181
tree_11,gold,Downbriar,moisture_pct,3,8.367
tree_11,gold,Downbriar,shell_hardness,3,50.892
tree_11,gold,Downbriar,nut_diameter_mm,3,22.74
tree_11,gold,Downbriar,kernel_mass_g,4,27.171
tree_11,gold,Downbriar,oil_content_pct,4,14.274
tree_11,gold,Downbriar,kernel_yield_ct,4,40.592
tree_11,gold,Downbriar,nut_quality_index,4,84.265
tree_11,gold,Downbriar,protein_pct,4,15.32
tree_11,gold,Downbriar,moisture_pct,4,8.427
tree_11,gold,Downbriar,shell_hardness,4,52.578
tree_11,gold,Downbriar,nut_diameter_mm,4,22.173
tree_12,gold,Downbriar,kernel_mass_g,1,28.819
tree_12,gold,Downbriar,oil_content_pct,1,13.414
tree_12,gold,Downbriar,kernel_yield_ct,1,37.07
tree_12,gold,Downbriar,nut_quality_index,1,77.055
tree_12,gold,Downbriar,protein_pct,1,16.694
tree_12,gold,Downbriar,moisture_pct,1,8.341
tree_12,gold,Downbriar,shell_hardness,1,51.558
tree_12,gold,Downbriar,nut_diameter_mm,1,21.635
tree_12,gold,Downbriar,kernel_mass_g,2,29.659
tree_12,gold,Downbriar,oil_content_pct,2,14.344
tree_12,gold,Downbriar,kernel_yield_ct,2,38.143
tree_12,gold,Downbriar,nut_quality_index,2,75.27
tree_12,gold,Downbriar,protein_pct,2,14.778
tree_12,gold,Downbriar,moisture_pct,2,6.445
tree_12,gold,Downbriar,shell_hardness,2,51.639
tree_12,gold,Downbriar,nut_diameter_mm,2,23.204
tree_12,gold,Downbriar,kernel_mass_g,3,29.208
tree_12,gold,Downbriar,oil_content_pct,3,13.087
tree_12,gold,Downbriar,kernel_yield_ct,3,37.756
tree_12,gold,Downbriar,nut_quality_index,3,72.535
tree_12,gold,Downbriar,protein_pct,3,13.081
tree_12,gold,Downbriar,moisture_pct,3,7.428
tree_12,gold,Downbriar,shell_hardness,3,54.77
tree_12,gold,Downbriar,nut_diameter_mm,3,21.972
tree_12,gold,Downbriar,kernel_mass_g,4,31.314
tree_12,gold,Downbriar,oil_content_pct,4,12.205
tree_12,gold,Downbriar,kernel_yield_ct,4,33.796
tree_12,gold,Downbriar,nut_quality_index,4,77.157
tree_12,gold,Downbriar,protein_pct,4,13.161
tree_12,gold,Downbriar,moisture_pct,4,8.129
tree_12,gold,Downbriar,shell_hardness,4,55.278
tree_12,gold,Downbriar,nut_diameter_mm,4,22.4
tree_13,green,Downbriar,kernel_mass_g,1,27.432
tree_13,green,Downbriar,oil_content_pct,1,12.728
tree_13,green,Downbriar,kernel_yield_ct,1,49.72
tree_13,green,Downbriar,nut_quality_index,1,78.291
tree_13,green,Downbriar,protein_pct,1,15.551
tree_13,green,Downbriar,moisture_pct,1,8.136
tree_13,green,Downbriar,shell_hardness,1,60.71
tree_13,green,Downbriar,nut_diameter_mm,1,22.16
tree_13,green,Downbriar,kernel_mass_g,2,26.193
tree_13,green,Downbriar,oil_content_pct,2,11.717
tree_13,green,Downbriar,kernel_yield_ct,2,40.582
tree_13,green,Downbriar,nut_quality_index,2,71.137
tree_13,green,Downbriar,protein_pct,2,13.916
tree_13,green,Downbriar,moisture_pct,2,6.652
tree_13,green,Downbriar,shell_hardness,2,56.659
tree_13,green,Downbriar,nut_diameter_mm,2,22.1
tree_13,green,Downbriar,kernel_mass_g,3,28.051
tree_13,green,Downbriar,oil_content_pct,3,10.958
tree_13,green,Downbriar,kernel_yield_ct,3,39.94
tree_13,green,Downbriar,nut_quality_index,3,73.885
tree_13,green,Downbriar,protein_pct,3,13.355
tree_13,green,Downbriar,moisture_pct,3,8.283
tree_13,green,Downbriar,shell_hardness,3,55.172
tree_13,green,Downbriar,nut_diameter_mm,3,21.508
tree_13,green,Downbriar,kernel_mass_g,4,28.416
tree_13,green,Downbriar,oil_content_pct,4,11.509
tree_13,green,Downbriar,kernel_yield_ct,4,40.8
tree_13,green,Downbriar,nut_quality_index,4,78.017
tree_13,green,Downbriar,protein_pct,4,14.528
tree_13,green,Downbriar,moisture_pct,4,8.85
tree_13,green,Downbriar,shell_hardness,4,53.888
tree_13,green,Downbriar,nut_diameter_mm,4,19.834
tree_14,green,Downbriar,kernel_mass_g,1,25.51
tree_14,green,Downbriar,oil_content_pct,1,11.172
tree_14,green,Downbriar,kernel_yield_ct,1,44.915
tree_14,green,Downbriar,nut_quality_index,1,83.108
tree_14,green,Downbriar,protein_pct,1,12.761
tree_14,green,Downbriar,moisture_pct,1,7.775
tree_14,green,Downbriar,shell_hardness,1,60.79
tree_14,green,Downbriar,nut_diameter_mm,1,20.28
tree_14,green,Downbriar,kernel_mass_g,2,27.479
tree_14,green,Downbriar,oil_content_pct,2,12.729
tree_14,green,Downbriar,kernel_yield_ct,2,41.364
tree_14,green,Downbriar,nut_quality_index,2,74.515
tree_14,green,Downbriar,protein_pct,2,16.973
tree_14,green,Downbriar,moisture_pct,2,8.026
tree_14,green,Downbriar,shell_hardness,2,50.114
tree_14,green,Downbriar,nut_diameter_mm,2,22.984
tree_14,green,Downbriar,kernel_mass_g,3,27.295
tree_14,green,Downbriar,oil_content_pct,3,10.523
tree_14,green,Downbriar,kernel_yield_ct,3,42.428
tree_14,green,Downbriar,nut_quality_index,3,77.061
tree_14,green,Downbriar,protein_pct,3,14.716
tree_14,green,Downbriar,moisture_pct,3,7.781
tree_14,green,Downbriar,shell_hardness,3,59.205
tree_14,green,Downbriar,nut_diameter_mm,3,20.186
tree_14,green,Downbriar,kernel_mass_g,4,28.842
tree_14,green,Downbriar,oil_content_pct,4,12.411
tree_14,green,Downbriar,kernel_yield_ct,4,43.064
tree_14,green,Downbriar,nut_quality_index,4,75.929
tree_14,green,Downbriar,protein_pct,4,12.993
tree_14,green,Downbriar,moisture_pct,4,6.713
tree_14,green,Downbriar,shell_hardness,4,53.201
tree_14,green,Downbriar,nut_diameter_mm,4,21.852
tree_15,silver,Downbriar,kernel_mass_g,1,27.346
tree_15,silver,Downbriar,oil_content_pct,1,12.18
tree_15,silver,Downbriar,kernel_yield_ct,1,40.04
tree_15,silver,Downbriar,nut_quality_index,1,73.531
tree_15,silver,Downbriar,protein_pct,1,15.535
tree_15,silver,Downbriar,moisture_pct,1,8.271
tree_15,silver,Downbriar,shell_hardness,1,60.636
tree_15,silver,Downbriar,nut_diameter_mm,1,22.892
tree_15,silver,Downbriar,kernel_mass_g,2,23.83
tree_15,silver,Downbriar,oil_content_pct,2,11.0
tree_15,silver,Downbriar,kernel_yield_ct,2,40.14
tree_15,silver,Downbriar,nut_quality_index,2,67.025
tree_15,silver,Downbriar,protein_pct,2,14.119
tree_15,silver,Downbriar,moisture_pct,2,6.667
tree_15,silver,Downbriar,shell_hardness,2,55.733
tree_15,silver,Downbriar,nut_diameter_mm,2,23.072
tree_15,silver,Downbriar,kernel_mass_g,3,28.757
tree_15,silver,Downbriar,oil_content_pct,3,14.139
tree_15,silver,Downbriar,kernel_yield_ct,3,40.038
tree_15,silver,Downbriar,nut_quality_index,3,66.677
tree_15,silver,Downbriar,protein_pct,3,16.007
tree_15,silver,Downbriar,moisture_pct,3,7.228
tree_15,silver,Downbriar,shell_hardness,3,66.277
tree_15,silver,Downbriar,nut_diameter_mm,3,21.126
tree_15,silver,Downbriar,kernel_mass_g,4,27.884
tree_15,silver,Downbriar,oil_content_pct,4,11.885
tree_15,silver,Downbriar,kernel_yield_ct,4,43.608
tree_15,silver,Downbriar,nut_quality_index,4,71.571
tree_15,silver,Downbriar,protein_pct,4,14.91
tree_15,silver,Downbriar,moisture_pct,4,7.107
tree_15,silver,Downbriar,shell_hardness,4,57.707
tree_15,silver,Downbriar,nut_diameter_mm,4,22.106
tree_16,silver,Downbriar,kernel_mass_g,1,30.929
tree_16,silver,Downbriar,oil_content_pct,1,11.849
tree_16,silver,Downbriar,kernel_yield_ct,1,37.699
tree_16,silver,Downbriar,nut_quality_index,1,63.953
tree_16,silver,Downbriar,protein_pct,1,14.111
tree_16,silver,Downbriar,moisture_pct,1,8.562
tree_16,silver,Downbriar,shell_hardness,1,61.57
tree_16,silver,Downbriar,nut_diameter_mm,1,22.045
tree_16,silver,Downbriar,kernel_mass_g,2,30.307
tree_16,silver,Downbriar,oil_content_pct,2,12.55
tree_16,silver,Downbriar,kernel_yield_ct,2,38.951
tree_16,silver,Downbriar,nut_quality_index,2,68.563
tree_16,silver,Downbriar,protein_pct,2,14.311
tree_16,silver,Downbriar,moisture_pct,2,7.413
tree_16,silver,Downbriar,shell_hardness,2,56.348
tree_16,silver,Downbriar,nut_diameter_mm,2,21.718
tree_16,silver,Downbriar,kernel_mass_g,3,30.25
tree_16,silver,Downbriar,oil_content_pct,3,13.871
tree_16,silver,Downbriar,kernel_yield_ct,3,40.348
tree_16,silver,Downbriar,nut_quality_index,3,67.514
tree_16,silver,Downbriar,protein_pct,3,12.206
tree_16,silver,Downbriar,moisture_pct,3,6.92
tree_16,silver,Downbriar,shell_hardness,3,52.84
tree_16,silver,Downbriar,nut_diameter_mm,3,22.643
tree_16,silver,Downbriar,kernel_mass_g,4,29.405
tree_16,silver,Downbriar,oil_content_pct,4,12.943
tree_16,silver,Downbriar,kernel_yield_ct,4,36.543
tree_16,silver,Downbriar,nut_quality_index,4,64.406
tree_16,silver,Downbriar,protein_pct,4,12.318
tree_16,silver,Downbriar,moisture_pct,4,7.899
tree_16,silver,Downbriar,shell_hardness,4,48.469
tree_16,silver,Downbriar,nut_diameter_mm,4,24.134
tree_17,red,Mistmarsh,kernel_mass_g,1,30.146
tree_17,red,Mistmarsh,oil_content_pct,1,12.799
tree_17,red,Mistmarsh,kernel_yield_ct,1,37.179
tree_17,red,Mistmarsh,nut_quality_index,1,68.418
tree_17,red,Mistmarsh,protein_pct,1,12.965
tree_17,red,Mistmarsh,moisture_pct,1,8.36
tree_17,red,Mistmarsh,shell_hardness,1,55.078
tree_17,red,Mistmarsh,nut_diameter_mm,1,21.896
tree_17,red,Mistmarsh,kernel_mass_g,2,27.731
tree_17,red,Mistmarsh,oil_content_pct,2,11.264
tree_17,red,Mistmarsh,kernel_yield_ct,2,41.148
tree_17,red,Mistmarsh,nut_quality_index,2,69.492
tree_17,red,Mistmarsh,protein_pct,2,15.942
tree_17,red,Mistmarsh,moisture_pct,2,7.078
tree_17,red,Mistmarsh,shell_hardness,2,55.4
tree_17,red,Mistmarsh,nut_diameter_mm,2,24.721
tree_17,red,Mistmarsh,kernel_mass_g,3,30.066
tree_17,red,Mistmarsh,oil_content_pct,3,12.148
tree_17,red,Mistmarsh,kernel_yield_ct,3,39.206
tree_17,red,Mistmarsh,nut_quality_index,3,70.623
tree_17,red,Mistmarsh,protein_pct,3,14.163
tree_17,red,Mistmarsh,moisture_pct,3,8.392
tree_17,red,Mistmarsh,shell_hardness,3,49.54
tree_17,red,Mistmarsh,nut_diameter_mm,3,22.463
tree_17,red,Mistmarsh,kernel_mass_g,4,29.148
tree_17,red,Mistmarsh,oil_content_pct,4,11.776
tree_17,red,Mistmarsh,kernel_yield_ct,4,40.327
tree_17,red,Mistmarsh,nut_quality_index,4,72.611
tree_17,red,Mistmarsh,protein_pct,4,15.391
tree_17,red,Mistmarsh,moisture_pct,4,7.608
tree_17,red,Mistmarsh,shell_hardness,4,54.944
tree_17,red,Mistmarsh,nut_diameter_mm,4,21.003
tree_18,red,Mistmarsh,kernel_mass_g,1,27.155
tree_18,red,Mistmarsh,oil_content_pct,1,10.397
tree_18,red,Mistmarsh,kernel_yield_ct,1,43.575
tree_18,red,Mistmarsh,nut_quality_index,1,68.838
tree_18,red,Mistmarsh,protein_pct,1,13.704
tree_18,red,Mistmarsh,moisture_pct,1,7.337
tree_18,red,Mistmarsh,shell_hardness,1,58.062
tree_18,red,Mistmarsh,nut_diameter_mm,1,23.993
tree_18,red,Mistmarsh,kernel_mass_g,2,28.274
tree_18,red,Mistmarsh,oil_content_pct,2,11.468
tree_18,red,Mistmarsh,kernel_yield_ct,2,38.78
tree_18,red,Mistmarsh,nut_quality_index,2,71.234
tree_18,red,Mistmarsh,protein_pct,2,14.583
tree_18,red,Mistmarsh,moisture_pct,2,7.472
tree_18,red,Mistmarsh,shell_hardness,2,59.584
tree_18,red,Mistmarsh,nut_diameter_mm,2,22.259
tree_18,red,Mistmarsh,kernel_mass_g,3,29.439
tree_18,red,Mistmarsh,oil_content_pct,3,11.88
tree_18,red,Mistmarsh,kernel_yield_ct,3,38.606
tree_18,red,Mistmarsh,nut_quality_index,3,67.671
tree_18,red,Mistmarsh,protein_pct,3,14.615
tree_18,red,Mistmarsh,moisture_pct,3,7.324
tree_18,red,Mistmarsh,shell_hardness,3,54.287
tree_18,red,Mistmarsh,nut_diameter_mm,3,22.085
tree_18,red,Mistmarsh,kernel_mass_g,4,28.83
tree_18,red,Mistmarsh,oil_content_pct,4,11.733
tree_18,red,Mistmarsh,kernel_yield_ct,4,40.368
tree_18,red,Mistmarsh,nut_quality_index,4,65.425
tree_18,red,Mistmarsh,protein_pct,4,12.823
tree_18,red,Mistmarsh,moisture_pct,4,7.833
tree_18,red,Mistmarsh,shell_hardness,4,53.814
tree_18,red,Mistmarsh,nut_diameter_mm,4,21.867
tree_19,gold,Mistmarsh,kernel_mass_g,1,27.602
tree_19,gold,Mistmarsh,oil_content_pct,1,11.453
tree_19,gold,Mistmarsh,kernel_yield_ct,1,41.763
tree_19,gold,Mistmarsh,nut_quality_index,1,74.489
tree_19,gold,Mistmarsh,protein_pct,1,15.866
tree_19,gold,Mistmarsh,moisture_pct,1,7.794
tree_19,gold,Mistmarsh,shell_hardness,1,50.33
tree_19,gold,Mistmarsh,nut_diameter_mm,1,22.608
tree_19,gold,Mistmarsh,kernel_mass_g,2,30.497
tree_19,gold,Mistmarsh,oil_content_pct,2,12.233
tree_19,gold,Mistmarsh,kernel_yield_ct,2,40.871
tree_19,gold,Mistmarsh,nut_quality_index,2,75.787
tree_19,gold,Mistmarsh,protein_pct,2,16.732
tree_19,gold,Mistmarsh,moisture_pct,2,8.079
tree_19,gold,Mistmarsh,shell_hardness,2,58.627
tree_19,gold,Mistmarsh,nut_diameter_mm,2,21.965
tree_19,gold,Mistmarsh,kernel_mass_g,3,28.187
tree_19,gold,Mistmarsh,oil_content_pct,3,10.944
tree_19,gold,Mistmarsh,kernel_yield_ct,3,35.176
tree_19,gold,Mistmarsh,nut_quality_index,3,71.711
tree_19,gold,Mistmarsh,protein_pct,3,13.193
tree_19,gold,Mistmarsh,moisture_pct,3,9.851
tree_19,gold,Mistmarsh,shell_hardness,3,49.985
tree_19,gold,Mistmarsh,nut_diameter_mm,3,19.69
tree_19,gold,Mistmarsh,kernel_mass_g,4,28.169
tree_19,gold,Mistmarsh,oil_content_pct,4,9.983
tree_19,gold,Mistmarsh,kernel_yield_ct,4,42.115
tree_19,gold,Mistmarsh,nut_quality_index,4,74.725
tree_19,gold,Mistmarsh,protein_pct,4,14.141
tree_19,gold,Mistmarsh,moisture_pct,4,8.623
tree_19,gold,Mistmarsh,shell_hardness,4,56.356
tree_19,gold,Mistmarsh,nut_diameter_mm,4,21.421
tree_20,gold,Mistmarsh,kernel_mass_g,1,27.873
tree_20,gold,Mistmarsh,oil_content_pct,1,11.988
tree_20,gold,Mistmarsh,kernel_yield_ct,1,38.806
tree_20,gold,Mistmarsh,nut_quality_index,1,70.779
tree_20,gold,Mistmarsh,protein_pct,1,14.725
tree_20,gold,Mistmarsh,moisture_pct,1,7.336
tree_20,gold,Mistmarsh,shell_hardness,1,55.154
tree_20,gold,Mistmarsh,nut_diameter_mm,1,22.991
tree_20,gold,Mistmarsh,kernel_mass_g,2,29.598
tree_20,gold,Mistmarsh,oil_content_pct,2,11.536
tree_20,gold,Mistmarsh,kernel_yield_ct,2,42.16
tree_20,gold,Mistmarsh,nut_quality_index,2,74.035
tree_20,gold,Mistmarsh,protein_pct,2,15.138
tree_20,gold,Mistmarsh,moisture_pct,2,8.402
tree_20,gold,Mistmarsh,shell_hardness,2,54.038
tree_20,gold,Mistmarsh,nut_diameter_mm,2,21.842
tree_20,gold,Mistmarsh,kernel_mass_g,3,29.197
tree_20,gold,Mistmarsh,oil_content_pct,3,11.717
tree_20,gold,Mistmarsh,kernel_yield_ct,3,38.413
tree_20,gold,Mistmarsh,nut_quality_index,3,71.015
tree_20,gold,Mistmarsh,protein_pct,3,16.079
tree_20,gold,Mistmarsh,moisture_pct,3,7.109
tree_20,gold,Mistmarsh,shell_hardness,3,61.882
tree_20,gold,Mistmarsh,nut_diameter_mm,3,22.733
tree_20,gold,Mistmarsh,kernel_mass_g,4,27.332
tree_20,gold,Mistmarsh,oil_content_pct,4,11.018
tree_20,gold,Mistmarsh,kernel_yield_ct,4,37.364
tree_20,gold,Mistmarsh,nut_quality_index,4,80.037
tree_20,gold,Mistmarsh,protein_pct,4,14.918
tree_20,gold,Mistmarsh,moisture_pct,4,7.841
tree_20,gold,Mistmarsh,shell_hardness,4,60.827
tree_20,gold,Mistmarsh,nut_diameter_mm,4,19.719
tree_21,green,Mistmarsh,kernel_mass_g,1,27.646
tree_21,green,Mistmarsh,oil_content_pct,1,12.004
tree_21,green,Mistmarsh,kernel_yield_ct,1,44.464
tree_21,green,Mistmarsh,nut_quality_index,1,76.039
tree_21,green,Mistmarsh,protein_pct,1,14.288
tree_21,green,Mistmarsh,moisture_pct,1,7.744
tree_21,green,Mistmarsh,shell_hardness,1,50.486
tree_21,green,Mistmarsh,nut_diameter_mm,1,23.29
tree_21,green,Mistmarsh,kernel_mass_g,2,27.717
tree_21,green,Mistmarsh,oil_content_pct,2,11.898
tree_21,green,Mistmarsh,kernel_yield_ct,2,42.431
tree_21,green,Mistmarsh,nut_quality_index,2,76.922
tree_21,green,Mistmarsh,protein_pct,2,13.312
tree_21,green,Mistmarsh,moisture_pct,2,7.929
tree_21,green,Mistmarsh,shell_hardness,2,58.082
tree_21,green,Mistmarsh,nut_diameter_mm,2,22.52
tree_21,green,Mistmarsh,kernel_mass_g,3,30.455
tree_21,green,Mistmarsh,oil_content_pct,3,11.129
tree_21,green,Mistmarsh,kernel_yield_ct,3,43.925
tree_21,green,Mistmarsh,nut_quality_index,3,82.638
tree_21,green,Mistmarsh,protein_pct,3,12.299
tree_21,green,Mistmarsh,moisture_pct,3,10.028
tree_21,green,Mistmarsh,shell_hardness,3,54.549
tree_21,green,Mistmarsh,nut_diameter_mm,3,22.928
tree_21,green,Mistmarsh,kernel_mass_g,4,24.887
tree_21,green,Mistmarsh,oil_content_pct,4,11.873
tree_21,green,Mistmarsh,kernel_yield_ct,4,44.165
tree_21,green,Mistmarsh,nut_quality_index,4,74.289
tree_21,green,Mistmarsh,protein_pct,4,13.775
tree_21,green,Mistmarsh,moisture_pct,4,7.302
tree_21,green,Mistmarsh,shell_hardness,4,60.264
tree_21,green,Mistmarsh,nut_diameter_mm,4,22.804
tree_22,green,Mistmarsh,kernel_mass_g,1,29.275
tree_22,green,Mistmarsh,oil_content_pct,1,12.731
tree_22,green,Mistmarsh,kernel_yield_ct,1,43.709
tree_22,green,Mistmarsh,nut_quality_index,1,79.482
tree_22,green,Mistmarsh,protein_pct,1,14.183
tree_22,green,Mistmarsh,moisture_pct,1,6.145
tree_22,green,Mistmarsh,shell_hardness,1,54.914
tree_22,green,Mistmarsh,nut_diameter_mm,1,19.934
tree_22,green,Mistmarsh,kernel_mass_g,2,28.306
tree_22,green,Mistmarsh,oil_content_pct,2,12.903
tree_22,green,Mistmarsh,kernel_yield_ct,2,47.885
tree_22,green,Mistmarsh,nut_quality_index,2,76.608
tree_22,green,Mistmarsh,protein_pct,2,13.95
tree_22,green,Mistmarsh,moisture_pct,2,8.18
tree_22,green,Mistmarsh,shell_hardness,2,55.329
tree_22,green,Mistmarsh,nut_diameter_mm,2,22.09
tree_22,green,Mistmarsh,kernel_mass_g,3,28.135
tree_22,green,Mistmarsh,oil_content_pct,3,10.978
tree_22,green,Mistmarsh,kernel_yield_ct,3,41.002
tree_22,green,Mistmarsh,nut_quality_index,3,77.87
tree_22,green,Mistmarsh,protein_pct,3,15.161
tree_22,green,Mistmarsh,moisture_pct,3,9.011
tree_22,green,Mistmarsh,shell_hardness,3,50.248
tree_22,green,Mistmarsh,nut_diameter_mm,3,20.898
tree_22,green,Mistmarsh,kernel_mass_g,4,27.32
tree_22,green,Mistmarsh,oil_content_pct,4,10.821
tree_22,green,Mistmarsh,kernel_yield_ct,4,43.866
tree_22,green,Mistmarsh,nut_quality_index,4,71.296
tree_22,green,Mistmarsh,protein_pct,4,14.216
tree_22,green,Mistmarsh,moisture_pct,4,7.126
tree_22,green,Mistmarsh,shell_hardness,4,57.329
tree_22,green,Mistmarsh,nut_diameter_mm,4,23.642
tree_23,silver,Mistmarsh,kernel_mass_g,1,29.506
tree_23,silver,Mistmarsh,oil_content_pct,1,12.698
tree_23,silver,Mistmarsh,kernel_yield_ct,1,40.13
tree_23,silver,Mistmarsh,nut_quality_index,1,67.622
tree_23,silver,Mistmarsh,protein_pct,1,12.008
tree_23,silver,Mistmarsh,moisture_pct,1,7.245
tree_23,silver,Mistmarsh,shell_hardness,1,53.858
tree_23,silver,Mistmarsh,nut_diameter_mm,1,21.797
tree_23,silver,Mistmarsh,kernel_mass_g,2,27.411
tree_23,silver,Mistmarsh,oil_content_pct,2,10.697
tree_23,silver,Mistmarsh,kernel_yield_ct,2,38.53
tree_23,silver,Mistmarsh,nut_quality_index,2,68.435
tree_23,silver,Mistmarsh,protein_pct,2,13.8
tree_23,silver,Mistmarsh,moisture_pct,2,8.193
tree_23,silver,Mistmarsh,shell_hardness,2,59.884
tree_23,silver,Mistmarsh,nut_diameter_mm,2,20.811
tree_23,silver,Mistmarsh,kernel_mass_g,3,29.537
tree_23,silver,Mistmarsh,oil_content_pct,3,10.155
tree_23,silver,Mistmarsh,kernel_yield_ct,3,40.352
tree_23,silver,Mistmarsh,nut_quality_index,3,72.068
tree_23,silver,Mistmarsh,protein_pct,3,13.433
tree_23,silver,Mistmarsh,moisture_pct,3,8.555
tree_23,silver,Mistmarsh,shell_hardness,3,47.476
tree_23,silver,Mistmarsh,nut_diameter_mm,3,22.704
tree_23,silver,Mistmarsh,kernel_mass_g,4,31.568
tree_23,silver,Mistmarsh,oil_content_pct,4,11.485
tree_23,silver,Mistmarsh,kernel_yield_ct,4,41.045
tree_23,silver,Mistmarsh,nut_quality_index,4,70.053
tree_23,silver,Mistmarsh,protein_pct,4,13.98
tree_23,silver,Mistmarsh,moisture_pct,4,9.696
tree_23,silver,Mistmarsh,shell_hardness,4,57.126
tree_23,silver,Mistmarsh,nut_diameter_mm,4,22.031
tree_24,silver,Mistmarsh,kernel_mass_g,1,29.163
tree_24,silver,Mistmarsh,oil_content_pct,1,12.421
tree_24,silver,Mistmarsh,kernel_yield_ct,1,40.468
tree_24,silver,Mistmarsh,nut_quality_index,1,61.48
tree_24,silver,Mistmarsh,protein_pct,1,12.357
tree_24,silver,Mistmarsh,moisture_pct,1,9.05
tree_24,silver,Mistmarsh,shell_hardness,1,55.231
tree_24,silver,Mistmarsh,nut_diameter_mm,1,19.905
tree_24,silver,Mistmarsh,kernel_mass_g,2,26.173
tree_24,silver,Mistmarsh,oil_content_pct,2,12.108
tree_24,silver,Mistmarsh,kernel_yield_ct,2,38.884
tree_24,silver,Mistmarsh,nut_quality_index,2,70.063
tree_24,silver,Mistmarsh,protein_pct,2,14.047
tree_24,silver,Mistmarsh,moisture_pct,2,8.501
tree_24,silver,Mistmarsh,shell_hardness,2,57.887
tree_24,silver,Mistmarsh,nut_diameter_mm,2,21.524
tree_24,silver,Mistmarsh,kernel_mass_g,3,26.697
tree_24,silver,Mistmarsh,oil_content_pct,3,11.386
tree_24,silver,Mistmarsh,kernel_yield_ct,3,37.75
tree_24,silver,Mistmarsh,nut_quality_index,3,64.776
tree_24,silver,Mistmarsh,protein_pct,3,12.352
tree_24,silver,Mistmarsh,moisture_pct,3,7.011
tree_24,silver,Mistmarsh,shell_hardness,3,52.57
tree_24,silver,Mistmarsh,nut_diameter_mm,3,22.052
tree_24,silver,Mistmarsh,kernel_mass_g,4,29.916
tree_24,silver,Mistmarsh,oil_content_pct,4,11.253
tree_24,silver,Mistmarsh,kernel_yield_ct,4,36.958
tree_24,silver,Mistmarsh,nut_quality_index,4,62.692
tree_24,silver,Mistmarsh,protein_pct,4,13.811
tree_24,silver,Mistmarsh,moisture_pct,4,8.364
tree_24,silver,Mistmarsh,shell_hardness,4,48.066
tree_24,silver,Mistmarsh,nut_diameter_mm,4,21.885
tree_25,red,Thornevale,kernel_mass_g,1,29.98
tree_25,red,Thornevale,oil_content_pct,1,11.874
tree_25,red,Thornevale,kernel_yield_ct,1,41.293
tree_25,red,Thornevale,nut_quality_index,1,67.899
tree_25,red,Thornevale,protein_pct,1,14.266
tree_25,red,Thornevale,moisture_pct,1,7.042
tree_25,red,Thornevale,shell_hardness,1,52.621
tree_25,red,Thornevale,nut_diameter_mm,1,23.027
tree_25,red,Thornevale,kernel_mass_g,2,32.508
tree_25,red,Thornevale,oil_content_pct,2,12.8
tree_25,red,Thornevale,kernel_yield_ct,2,40.9
tree_25,red,Thornevale,nut_quality_index,2,69.071
tree_25,red,Thornevale,protein_pct,2,12.505
tree_25,red,Thornevale,moisture_pct,2,7.559
tree_25,red,Thornevale,shell_hardness,2,58.909
tree_25,red,Thornevale,nut_diameter_mm,2,21.32
tree_25,red,Thornevale,kernel_mass_g,3,32.2
tree_25,red,Thornevale,oil_content_pct,3,11.737
tree_25,red,Thornevale,kernel_yield_ct,3,36.988
tree_25,red,Thornevale,nut_quality_index,3,72.632
tree_25,red,Thornevale,protein_pct,3,13.32
tree_25,red,Thornevale,moisture_pct,3,7.75
tree_25,red,Thornevale,shell_hardness,3,53.58
tree_25,red,Thornevale,nut_diameter_mm,3,19.703
tree_25,red,Thornevale,kernel_mass_g,4,30.067
tree_25,red,Thornevale,oil_content_pct,4,13.482
tree_25,red,Thornevale,kernel_yield_ct,4,41.247
tree_25,red,Thornevale,nut_quality_index,4,71.504
tree_25,red,Thornevale,protein_pct,4,13.274
tree_25,red,Thornevale,moisture_pct,4,8.056
tree_25,red,Thornevale,shell_hardness,4,53.28
tree_25,red,Thornevale,nut_diameter_mm,4,21.034
tree_26,red,Thornevale,kernel_mass_g,1,30.045
tree_26,red,Thornevale,oil_content_pct,1,12.405
tree_26,red,Thornevale,kernel_yield_ct,1,45.946
tree_26,red,Thornevale,nut_quality_index,1,63.383
tree_26,red,Thornevale,protein_pct,1,13.143
tree_26,red,Thornevale,moisture_pct,1,7.526
tree_26,red,Thornevale,shell_hardness,1,49.727
tree_26,red,Thornevale,nut_diameter_mm,1,22.097
tree_26,red,Thornevale,kernel_mass_g,2,30.941
tree_26,red,Thornevale,oil_content_pct,2,12.142
tree_26,red,Thornevale,kernel_yield_ct,2,43.403
tree_26,red,Thornevale,nut_quality_index,2,68.627
tree_26,red,Thornevale,protein_pct,2,16.483
tree_26,red,Thornevale,moisture_pct,2,8.066
tree_26,red,Thornevale,shell_hardness,2,59.188
tree_26,red,Thornevale,nut_diameter_mm,2,25.053
tree_26,red,Thornevale,kernel_mass_g,3,32.772
tree_26,red,Thornevale,oil_content_pct,3,12.286
tree_26,red,Thornevale,kernel_yield_ct,3,40.377
tree_26,red,Thornevale,nut_quality_index,3,71.038
tree_26,red,Thornevale,protein_pct,3,14.615
tree_26,red,Thornevale,moisture_pct,3,7.586
tree_26,red,Thornevale,shell_hardness,3,57.427
tree_26,red,Thornevale,nut_diameter_mm,3,23.147
tree_26,red,Thornevale,kernel_mass_g,4,29.436
tree_26,red,Thornevale,oil_content_pct,4,12.351
tree_26,red,Thornevale,kernel_yield_ct,4,39.792
tree_26,red,Thornevale,nut_quality_index,4,66.555
tree_26,red,Thornevale,protein_pct,4,13.64
tree_26,red,Thornevale,moisture_pct,4,8.473
tree_26,red,Thornevale,shell_hardness,4,60.25
tree_26,red,Thornevale,nut_diameter_mm,4,21.699
tree_27,gold,Thornevale,kernel_mass_g,1,29.76
tree_27,gold,Thornevale,oil_content_pct,1,12.684
tree_27,gold,Thornevale,kernel_yield_ct,1,37.393
tree_27,gold,Thornevale,nut_quality_index,1,76.592
tree_27,gold,Thornevale,protein_pct,1,15.005
tree_27,gold,Thornevale,moisture_pct,1,8.338
tree_27,gold,Thornevale,shell_hardness,1,52.721
tree_27,gold,Thornevale,nut_diameter_mm,1,21.159
tree_27,gold,Thornevale,kernel_mass_g,2,28.225
tree_27,gold,Thornevale,oil_content_pct,2,10.528
tree_27,gold,Thornevale,kernel_yield_ct,2,38.249
tree_27,gold,Thornevale,nut_quality_index,2,84.994
tree_27,gold,Thornevale,protein_pct,2,14.149
tree_27,gold,Thornevale,moisture_pct,2,9.057
tree_27,gold,Thornevale,shell_hardness,2,52.818
tree_27,gold,Thornevale,nut_diameter_mm,2,22.987
tree_27,gold,Thornevale,kernel_mass_g,3,29.939
tree_27,gold,Thornevale,oil_content_pct,3,11.933
tree_27,gold,Thornevale,kernel_yield_ct,3,39.045
tree_27,gold,Thornevale,nut_quality_index,3,72.769
tree_27,gold,Thornevale,protein_pct,3,16.175
tree_27,gold,Thornevale,moisture_pct,3,9.861
tree_27,gold,Thornevale,shell_hardness,3,58.035
tree_27,gold,Thornevale,nut_diameter_mm,3,21.372
tree_27,gold,Thornevale,kernel_mass_g,4,30.257
tree_27,gold,Thornevale,oil_content_pct,4,12.029
tree_27,gold,Thornevale,kernel_yield_ct,4,38.403
tree_27,gold,Thornevale,nut_quality_index,4,78.162
tree_27,gold,Thornevale,protein_pct,4,16.673
tree_27,gold,Thornevale,moisture_pct,4,8.381
tree_27,gold,Thornevale,shell_hardness,4,54.488
tree_27,gold,Thornevale,nut_diameter_mm,4,21.94
tree_28,gold,Thornevale,kernel_mass_g,1,28.494
tree_28,gold,Thornevale,oil_content_pct,1,11.451
tree_28,gold,Thornevale,kernel_yield_ct,1,39.259
tree_28,gold,Thornevale,nut_quality_index,1,75.115
tree_28,gold,Thornevale,protein_pct,1,12.222
tree_28,gold,Thornevale,moisture_pct,1,6.547
tree_28,gold,Thornevale,shell_hardness,1,58.417
tree_28,gold,Thornevale,nut_diameter_mm,1,22.775
tree_28,gold,Thornevale,kernel_mass_g,2,31.546
tree_28,gold,Thornevale,oil_content_pct,2,10.646
tree_28,gold,Thornevale,kernel_yield_ct,2,38.932
tree_28,gold,Thornevale,nut_quality_index,2,73.569
tree_28,gold,Thornevale,protein_pct,2,14.856
tree_28,gold,Thornevale,moisture_pct,2,8.003
tree_28,gold,Thornevale,shell_hardness,2,49.292
tree_28,gold,Thornevale,nut_diameter_mm,2,24.345
tree_28,gold,Thornevale,kernel_mass_g,3,27.604
tree_28,gold,Thornevale,oil_content_pct,3,10.687
tree_28,gold,Thornevale,kernel_yield_ct,3,41.99
tree_28,gold,Thornevale,nut_quality_index,3,79.923
tree_28,gold,Thornevale,protein_pct,3,11.477
tree_28,gold,Thornevale,moisture_pct,3,6.255
tree_28,gold,Thornevale,shell_hardness,3,50.3
tree_28,gold,Thornevale,nut_diameter_mm,3,21.227
tree_28,gold,Thornevale,kernel_mass_g,4,28.231
tree_28,gold,Thornevale,oil_content_pct,4,11.832
tree_28,gold,Thornevale,kernel_yield_ct,4,39.779
tree_28,gold,Thornevale,nut_quality_index,4,74.2
tree_28,gold,Thornevale,protein_pct,4,14.165
tree_28,gold,Thornevale,moisture_pct,4,7.345
tree_28,gold,Thornevale,shell_hardness,4,58.013
tree_28,gold,Thornevale,nut_diameter_mm,4,21.502
tree_29,green,Thornevale,kernel_mass_g,1,31.012
tree_29,green,Thornevale,oil_content_pct,1,12.061
tree_29,green,Thornevale,kernel_yield_ct,1,42.119
tree_29,green,Thornevale,nut_quality_index,1,76.886
tree_29,green,Thornevale,protein_pct,1,13.172
tree_29,green,Thornevale,moisture_pct,1,8.266
tree_29,green,Thornevale,shell_hardness,1,56.569
tree_29,green,Thornevale,nut_diameter_mm,1,19.703
tree_29,green,Thornevale,kernel_mass_g,2,31.155
tree_29,green,Thornevale,oil_content_pct,2,12.067
tree_29,green,Thornevale,kernel_yield_ct,2,42.471
tree_29,green,Thornevale,nut_quality_index,2,79.196
tree_29,green,Thornevale,protein_pct,2,13.686
tree_29,green,Thornevale,moisture_pct,2,7.771
tree_29,green,Thornevale,shell_hardness,2,47.692
tree_29,green,Thornevale,nut_diameter_mm,2,21.21
tree_29,green,Thornevale,kernel_mass_g,3,28.167
tree_29,green,Thornevale,oil_content_pct,3,11.853
tree_29,green,Thornevale,kernel_yield_ct,3,44.37
tree_29,green,Thornevale,nut_quality_index,3,70.034
tree_29,green,Thornevale,protein_pct,3,14.007
tree_29,green,Thornevale,moisture_pct,3,7.976
tree_29,green,Thornevale,shell_hardness,3,58.474
tree_29,green,Thornevale,nut_diameter_mm,3,20.981
tree_29,green,Thornevale,kernel_mass_g,4,28.763
tree_29,green,Thornevale,oil_content_pct,4,12.143
tree_29,green,Thornevale,kernel_yield_ct,4,45.753
tree_29,green,Thornevale,nut_quality_index,4,74.675
tree_29,green,Thornevale,protein_pct,4,14.705
tree_29,green,Thornevale,moisture_pct,4,7.681
tree_29,green,Thornevale,shell_hardness,4,50.452
tree_29,green,Thornevale,nut_diameter_mm,4,20.995
tree_30,green,Thornevale,kernel_mass_g,1,32.667
tree_30,green,Thornevale,oil_content_pct,1,12.739
tree_30,green,Thornevale,kernel_yield_ct,1,42.837
tree_30,green,Thornevale,nut_quality_index,1,77.706
tree_30,green,Thornevale,protein_pct,1,16.03
tree_30,green,Thornevale,moisture_pct,1,8.258
tree_30,green,Thornevale,shell_hardness,1,52.65
tree_30,green,Thornevale,nut_diameter_mm,1,22.119
tree_30,green,Thornevale,kernel_mass_g,2,29.587
tree_30,green,Thornevale,oil_content_pct,2,10.658
tree_30,green,Thornevale,kernel_yield_ct,2,42.49
tree_30,green,Thornevale,nut_quality_index,2,79.451
tree_30,green,Thornevale,protein_pct,2,13.907
tree_30,green,Thornevale,moisture_pct,2,6.758
tree_30,green,Thornevale,shell_hardness,2,54.358
tree_30,green,Thornevale,nut_diameter_mm,2,20.902
tree_30,green,Thornevale,kernel_mass_g,3,29.996
tree_30,green,Thornevale,oil_content_pct,3,11.305
tree_30,green,Thornevale,kernel_yield_ct,3,42.204
tree_30,green,Thornevale,nut_quality_index,3,70.803
tree_30,green,Thornevale,protein_pct,3,15.009
tree_30,green,Thornevale,moisture_pct,3,8.219
tree_30,green,Thornevale,shell_hardness,3,55.207
tree_30,green,Thornevale,nut_diameter_mm,3,20.516
tree_30,green,Thornevale,kernel_mass_g,4,28.627
tree_30,green,Thornevale,oil_content_pct,4,12.042
tree_30,green,Thornevale,kernel_yield_ct,4,42.537
tree_30,green,Thornevale,nut_quality_index,4,80.4
tree_30,green,Thornevale,protein_pct,4,14.619
tree_30,green,Thornevale,moisture_pct,4,9.048
tree_30,green,Thornevale,shell_hardness,4,59.064
tree_30,green,Thornevale,nut_diameter_mm,4,24.51
tree_31,silver,Thornevale,kernel_mass_g,1,29.741
tree_31,silver,Thornevale,oil_content_pct,1,11.803
tree_31,silver,Thornevale,kernel_yield_ct,1,42.445
tree_31,silver,Thornevale,nut_quality_index,1,73.578
tree_31,silver,Thornevale,protein_pct,1,13.918
tree_31,silver,Thornevale,moisture_pct,1,6.817
tree_31,silver,Thornevale,shell_hardness,1,53.841
tree_31,silver,Thornevale,nut_diameter_mm,1,21.926
tree_31,silver,Thornevale,kernel_mass_g,2,30.521
tree_31,silver,Thornevale,oil_content_pct,2,12.592
tree_31,silver,Thornevale,kernel_yield_ct,2,43.743
tree_31,silver,Thornevale,nut_quality_index,2,67.813
tree_31,silver,Thornevale,protein_pct,2,15.606
tree_31,silver,Thornevale,moisture_pct,2,8.023
tree_31,silver,Thornevale,shell_hardness,2,59.177
tree_31,silver,Thornevale,nut_diameter_mm,2,24.155
tree_31,silver,Thornevale,kernel_mass_g,3,32.11
tree_31,silver,Thornevale,oil_content_pct,3,11.05
tree_31,silver,Thornevale,kernel_yield_ct,3,41.189
tree_31,silver,Thornevale,nut_quality_index,3,67.697
tree_31,silver,Thornevale,protein_pct,3,14.346
tree_31,silver,Thornevale,moisture_pct,3,7.812
tree_31,silver,Thornevale,shell_hardness,3,57.0
tree_31,silver,Thornevale,nut_diameter_mm,3,21.422
tree_31,silver,Thornevale,kernel_mass_g,4,33.967
tree_31,silver,Thornevale,oil_content_pct,4,12.51
tree_31,silver,Thornevale,kernel_yield_ct,4,40.898
tree_31,silver,Thornevale,nut_quality_index,4,68.56
tree_31,silver,Thornevale,protein_pct,4,14.363
tree_31,silver,Thornevale,moisture_pct,4,8.052
tree_31,silver,Thornevale,shell_hardness,4,52.765
tree_31,silver,Thornevale,nut_diameter_mm,4,20.889
tree_32,silver,Thornevale,kernel_mass_g,1,29.214
tree_32,silver,Thornevale,oil_content_pct,1,11.695
tree_32,silver,Thornevale,kernel_yield_ct,1,40.921
tree_32,silver,Thornevale,nut_quality_index,1,70.494
tree_32,silver,Thornevale,protein_pct,1,17.24
tree_32,silver,Thornevale,moisture_pct,1,8.761
tree_32,silver,Thornevale,shell_hardness,1,53.391
tree_32,silver,Thornevale,nut_diameter_mm,1,20.226
tree_32,silver,Thornevale,kernel_mass_g,2,30.271
tree_32,silver,Thornevale,oil_content_pct,2,12.031
tree_32,silver,Thornevale,kernel_yield_ct,2,41.063
tree_32,silver,Thornevale,nut_quality_index,2,65.564
tree_32,silver,Thornevale,protein_pct,2,14.022
tree_32,silver,Thornevale,moisture_pct,2,7.656
tree_32,silver,Thornevale,shell_hardness,2,47.536
tree_32,silver,Thornevale,nut_diameter_mm,2,23.302
tree_32,silver,Thornevale,kernel_mass_g,3,34.508
tree_32,silver,Thornevale,oil_content_pct,3,12.094
tree_32,silver,Thornevale,kernel_yield_ct,3,39.477
tree_32,silver,Thornevale,nut_quality_index,3,66.341
tree_32,silver,Thornevale,protein_pct,3,14.1
tree_32,silver,Thornevale,moisture_pct,3,9.907
tree_32,silver,Thornevale,shell_hardness,3,58.079
tree_32,silver,Thornevale,nut_diameter_mm,3,23.401
tree_32,silver,Thornevale,kernel_mass_g,4,30.865
tree_32,silver,Thornevale,oil_content_pct,4,13.513
tree_32,silver,Thornevale,kernel_yield_ct,4,34.628
tree_32,silver,Thornevale,nut_quality_index,4,68.427
tree_32,silver,Thornevale,protein_pct,4,14.545
tree_32,silver,Thornevale,moisture_pct,4,7.946
tree_32,silver,Thornevale,shell_hardness,4,54.575
tree_32,silver,Thornevale,nut_diameter_mm,4,22.763
tree_33,red,Larkspur,kernel_mass_g,1,26.0
tree_33,red,Larkspur,oil_content_pct,1,14.546
tree_33,red,Larkspur,kernel_yield_ct,1,39.615
tree_33,red,Larkspur,nut_quality_index,1,72.147
tree_33,red,Larkspur,protein_pct,1,14.148
tree_33,red,Larkspur,moisture_pct,1,7.097
tree_33,red,Larkspur,shell_hardness,1,55.07
tree_33,red,Larkspur,nut_diameter_mm,1,22.033
tree_33,red,Larkspur,kernel_mass_g,2,26.429
tree_33,red,Larkspur,oil_content_pct,2,13.631
tree_33,red,Larkspur,kernel_yield_ct,2,34.786
tree_33,red,Larkspur,nut_quality_index,2,71.578
tree_33,red,Larkspur,protein_pct,2,11.323
tree_33,red,Larkspur,moisture_pct,2,6.778
tree_33,red,Larkspur,shell_hardness,2,56.598
tree_33,red,Larkspur,nut_diameter_mm,2,20.244
tree_33,red,Larkspur,kernel_mass_g,3,28.655
tree_33,red,Larkspur,oil_content_pct,3,15.306
tree_33,red,Larkspur,kernel_yield_ct,3,42.101
tree_33,red,Larkspur,nut_quality_index,3,73.152
tree_33,red,Larkspur,protein_pct,3,14.64
tree_33,red,Larkspur,moisture_pct,3,9.029
tree_33,red,Larkspur,shell_hardness,3,52.134
tree_33,red,Larkspur,nut_diameter_mm,3,23.009
tree_33,red,Larkspur,kernel_mass_g,4,28.032
tree_33,red,Larkspur,oil_content_pct,4,13.295
tree_33,red,Larkspur,kernel_yield_ct,4,42.659
tree_33,red,Larkspur,nut_quality_index,4,65.637
tree_33,red,Larkspur,protein_pct,4,14.41
tree_33,red,Larkspur,moisture_pct,4,7.255
tree_33,red,Larkspur,shell_hardness,4,54.1
tree_33,red,Larkspur,nut_diameter_mm,4,21.951
tree_34,red,Larkspur,kernel_mass_g,1,28.092
tree_34,red,Larkspur,oil_content_pct,1,14.549
tree_34,red,Larkspur,kernel_yield_ct,1,38.697
tree_34,red,Larkspur,nut_quality_index,1,68.11
tree_34,red,Larkspur,protein_pct,1,13.491
tree_34,red,Larkspur,moisture_pct,1,8.541
tree_34,red,Larkspur,shell_hardness,1,57.256
tree_34,red,Larkspur,nut_diameter_mm,1,24.567
tree_34,red,Larkspur,kernel_mass_g,2,28.356
tree_34,red,Larkspur,oil_content_pct,2,16.019
tree_34,red,Larkspur,kernel_yield_ct,2,39.686
tree_34,red,Larkspur,nut_quality_index,2,72.455
tree_34,red,Larkspur,protein_pct,2,15.475
tree_34,red,Larkspur,moisture_pct,2,7.35
tree_34,red,Larkspur,shell_hardness,2,50.691
tree_34,red,Larkspur,nut_diameter_mm,2,21.172
tree_34,red,Larkspur,kernel_mass_g,3,29.304
tree_34,red,Larkspur,oil_content_pct,3,14.495
tree_34,red,Larkspur,kernel_yield_ct,3,39.383
tree_34,red,Larkspur,nut_quality_index,3,66.815
tree_34,red,Larkspur,protein_pct,3,14.575
tree_34,red,Larkspur,moisture_pct,3,8.508
tree_34,red,Larkspur,shell_hardness,3,57.638
tree_34,red,Larkspur,nut_diameter_mm,3,19.398
tree_34,red,Larkspur,kernel_mass_g,4,25.976
tree_34,red,Larkspur,oil_content_pct,4,13.725
tree_34,red,Larkspur,kernel_yield_ct,4,37.83
tree_34,red,Larkspur,nut_quality_index,4,63.938
tree_34,red,Larkspur,protein_pct,4,15.131
tree_34,red,Larkspur,moisture_pct,4,8.9
tree_34,red,Larkspur,shell_hardness,4,48.121
tree_34,red,Larkspur,nut_diameter_mm,4,22.29
tree_35,gold,Larkspur,kernel_mass_g,1,28.234
tree_35,gold,Larkspur,oil_content_pct,1,14.767
tree_35,gold,Larkspur,kernel_yield_ct,1,41.938
tree_35,gold,Larkspur,nut_quality_index,1,74.021
tree_35,gold,Larkspur,protein_pct,1,15.034
tree_35,gold,Larkspur,moisture_pct,1,6.645
tree_35,gold,Larkspur,shell_hardness,1,51.235
tree_35,gold,Larkspur,nut_diameter_mm,1,22.839
tree_35,gold,Larkspur,kernel_mass_g,2,28.092
tree_35,gold,Larkspur,oil_content_pct,2,14.273
tree_35,gold,Larkspur,kernel_yield_ct,2,37.056
tree_35,gold,Larkspur,nut_quality_index,2,77.774
tree_35,gold,Larkspur,protein_pct,2,14.53
tree_35,gold,Larkspur,moisture_pct,2,8.7
tree_35,gold,Larkspur,shell_hardness,2,59.488
tree_35,gold,Larkspur,nut_diameter_mm,2,21.274
tree_35,gold,Larkspur,kernel_mass_g,3,28.693
tree_35,gold,Larkspur,oil_content_pct,3,12.754
tree_35,gold,Larkspur,kernel_yield_ct,3,42.216
tree_35,gold,Larkspur,nut_quality_index,3,73.649
tree_35,gold,Larkspur,protein_pct,3,13.202
tree_35,gold,Larkspur,moisture_pct,3,7.5
tree_35,gold,Larkspur,shell_hardness,3,56.49
tree_35,gold,Larkspur,nut_diameter_mm,3,20.118
tree_35,gold,Larkspur,kernel_mass_g,4,29.08
tree_35,gold,Larkspur,oil_content_pct,4,13.945
tree_35,gold,Larkspur,kernel_yield_ct,4,39.526
tree_35,gold,Larkspur,nut_quality_index,4,74.239
tree_35,gold,Larkspur,protein_pct,4,13.597
tree_35,gold,Larkspur,moisture_pct,4,7.479
tree_35,gold,Larkspur,shell_hardness,4,52.545
tree_35,gold,Larkspur,nut_diameter_mm,4,22.199
tree_36,gold,Larkspur,kernel_mass_g,1,27.318
tree_36,gold,Larkspur,oil_content_pct,1,15.56
tree_36,gold,Larkspur,kernel_yield_ct,1,37.861
tree_36,gold,Larkspur,nut_quality_index,1,67.314
tree_36,gold,Larkspur,protein_pct,1,12.656
tree_36,gold,Larkspur,moisture_pct,1,8.124
tree_36,gold,Larkspur,shell_hardness,1,49.561
tree_36,gold,Larkspur,nut_diameter_mm,1,20.785
tree_36,gold,Larkspur,kernel_mass_g,2,30.397
tree_36,gold,Larkspur,oil_content_pct,2,15.24
tree_36,gold,Larkspur,kernel_yield_ct,2,37.644
tree_36,gold,Larkspur,nut_quality_index,2,69.855
tree_36,gold,Larkspur,protein_pct,2,15.27
tree_36,gold,Larkspur,moisture_pct,2,9.104
tree_36,gold,Larkspur,shell_hardness,2,54.305
tree_36,gold,Larkspur,nut_diameter_mm,2,22.046
tree_36,gold,Larkspur,kernel_mass_g,3,31.056
tree_36,gold,Larkspur,oil_content_pct,3,14.22
tree_36,gold,Larkspur,kernel_yield_ct,3,39.029
tree_36,gold,Larkspur,nut_quality_index,3,77.303
tree_36,gold,Larkspur,protein_pct,3,13.108
tree_36,gold,Larkspur,moisture_pct,3,7.987
tree_36,gold,Larkspur,shell_hardness,3,52.433
tree_36,gold,Larkspur,nut_diameter_mm,3,24.596
tree_36,gold,Larkspur,kernel_mass_g,4,30.86
tree_36,gold,Larkspur,oil_content_pct,4,13.571
tree_36,gold,Larkspur,kernel_yield_ct,4,40.934
tree_36,gold,Larkspur,nut_quality_index,4,75.25
tree_36,gold,Larkspur,protein_pct,4,13.536
tree_36,gold,Larkspur,moisture_pct,4,8.346
tree_36,gold,Larkspur,shell_hardness,4,51.917
tree_36,gold,Larkspur,nut_diameter_mm,4,23.273
tree_37,green,Larkspur,kernel_mass_g,1,27.979
tree_37,green,Larkspur,oil_content_pct,1,14.142
tree_37,green,Larkspur,kernel_yield_ct,1,46.314
tree_37,green,Larkspur,nut_quality_index,1,79.387
tree_37,green,Larkspur,protein_pct,1,14.791
tree_37,green,Larkspur,moisture_pct,1,9.544
tree_37,green,Larkspur,shell_hardness,1,51.391
tree_37,green,Larkspur,nut_diameter_mm,1,22.667
tree_37,green,Larkspur,kernel_mass_g,2,29.83
tree_37,green,Larkspur,oil_content_pct,2,13.251
tree_37,green,Larkspur,kernel_yield_ct,2,45.549
tree_37,green,Larkspur,nut_quality_index,2,69.375
tree_37,green,Larkspur,protein_pct,2,15.57
tree_37,green,Larkspur,moisture_pct,2,7.686
tree_37,green,Larkspur,shell_hardness,2,56.01
tree_37,green,Larkspur,nut_diameter_mm,2,21.076
tree_37,green,Larkspur,kernel_mass_g,3,31.202
tree_37,green,Larkspur,oil_content_pct,3,14.521
tree_37,green,Larkspur,kernel_yield_ct,3,44.538
tree_37,green,Larkspur,nut_quality_index,3,82.177
tree_37,green,Larkspur,protein_pct,3,13.94
tree_37,green,Larkspur,moisture_pct,3,8.67
tree_37,green,Larkspur,shell_hardness,3,49.046
tree_37,green,Larkspur,nut_diameter_mm,3,21.945
tree_37,green,Larkspur,kernel_mass_g,4,27.615
tree_37,green,Larkspur,oil_content_pct,4,12.715
tree_37,green,Larkspur,kernel_yield_ct,4,44.458
tree_37,green,Larkspur,nut_quality_index,4,67.674
tree_37,green,Larkspur,protein_pct,4,15.146
tree_37,green,Larkspur,moisture_pct,4,7.076
tree_37,green,Larkspur,shell_hardness,4,60.158
tree_37,green,Larkspur,nut_diameter_mm,4,21.783
tree_38,green,Larkspur,kernel_mass_g,1,27.643
tree_38,green,Larkspur,oil_content_pct,1,12.92
tree_38,green,Larkspur,kernel_yield_ct,1,42.095
tree_38,green,Larkspur,nut_quality_index,1,80.36
tree_38,green,Larkspur,protein_pct,1,13.568
tree_38,green,Larkspur,moisture_pct,1,8.645
tree_38,green,Larkspur,shell_hardness,1,53.083
tree_38,green,Larkspur,nut_diameter_mm,1,23.159
tree_38,green,Larkspur,kernel_mass_g,2,29.408
tree_38,green,Larkspur,oil_content_pct,2,14.037
tree_38,green,Larkspur,kernel_yield_ct,2,42.581
tree_38,green,Larkspur,nut_quality_index,2,81.289
tree_38,green,Larkspur,protein_pct,2,14.825
tree_38,green,Larkspur,moisture_pct,2,8.237
tree_38,green,Larkspur,shell_hardness,2,61.425
tree_38,green,Larkspur,nut_diameter_mm,2,21.088
tree_38,green,Larkspur,kernel_mass_g,3,30.903
tree_38,green,Larkspur,oil_content_pct,3,14.727
tree_38,green,Larkspur,kernel_yield_ct,3,41.949
tree_38,green,Larkspur,nut_quality_index,3,81.42
tree_38,green,Larkspur,protein_pct,3,13.154
tree_38,green,Larkspur,moisture_pct,3,8.108
tree_38,green,Larkspur,shell_hardness,3,59.424
tree_38,green,Larkspur,nut_diameter_mm,3,23.092
tree_38,green,Larkspur,kernel_mass_g,4,27.691
tree_38,green,Larkspur,oil_content_pct,4,15.873
tree_38,green,Larkspur,kernel_yield_ct,4,40.222
tree_38,green,Larkspur,nut_quality_index,4,74.052
tree_38,green,Larkspur,protein_pct,4,14.077
tree_38,green,Larkspur,moisture_pct,4,8.69
tree_38,green,Larkspur,shell_hardness,4,52.205
tree_38,green,Larkspur,nut_diameter_mm,4,23.597
tree_39,silver,Larkspur,kernel_mass_g,1,28.684
tree_39,silver,Larkspur,oil_content_pct,1,12.17
tree_39,silver,Larkspur,kernel_yield_ct,1,41.344
tree_39,silver,Larkspur,nut_quality_index,1,67.022
tree_39,silver,Larkspur,protein_pct,1,12.546
tree_39,silver,Larkspur,moisture_pct,1,8.307
tree_39,silver,Larkspur,shell_hardness,1,49.732
tree_39,silver,Larkspur,nut_diameter_mm,1,21.081
tree_39,silver,Larkspur,kernel_mass_g,2,26.897
tree_39,silver,Larkspur,oil_content_pct,2,13.547
tree_39,silver,Larkspur,kernel_yield_ct,2,40.58
tree_39,silver,Larkspur,nut_quality_index,2,65.254
tree_39,silver,Larkspur,protein_pct,2,14.673
tree_39,silver,Larkspur,moisture_pct,2,8.084
tree_39,silver,Larkspur,shell_hardness,2,61.348
tree_39,silver,Larkspur,nut_diameter_mm,2,20.943
tree_39,silver,Larkspur,kernel_mass_g,3,30.594
tree_39,silver,Larkspur,oil_content_pct,3,13.168
tree_39,silver,Larkspur,kernel_yield_ct,3,37.758
tree_39,silver,Larkspur,nut_quality_index,3,63.813
tree_39,silver,Larkspur,protein_pct,3,14.311
tree_39,silver,Larkspur,moisture_pct,3,7.672
tree_39,silver,Larkspur,shell_hardness,3,52.435
tree_39,silver,Larkspur,nut_diameter_mm,3,20.494
tree_39,silver,Larkspur,kernel_mass_g,4,28.396
tree_39,silver,Larkspur,oil_content_pct,4,14.674
tree_39,silver,Larkspur,kernel_yield_ct,4,39.629
tree_39,silver,Larkspur,nut_quality_index,4,68.233
tree_39,silver,Larkspur,protein_pct,4,15.992
tree_39,silver,Larkspur,moisture_pct,4,9.682
tree_39,silver,Larkspur,shell_hardness,4,50.157
tree_39,silver,Larkspur,nut_diameter_mm,4,23.262
tree_40,silver,Larkspur,kernel_mass_g,1,28.341
tree_40,silver,Larkspur,oil_content_pct,1,11.853
tree_40,silver,Larkspur,kernel_yield_ct,1,36.043
tree_40,silver,Larkspur,nut_quality_index,1,64.364
tree_40,silver,Larkspur,protein_pct,1,12.466
tree_40,silver,Larkspur,moisture_pct,1,7.14
tree_40,silver,Larkspur,shell_hardness,1,56.89
tree_40,silver,Larkspur,nut_diameter_mm,1,21.275
tree_40,silver,Larkspur,kernel_mass_g,2,28.669
tree_40,silver,Larkspur,oil_content_pct,2,14.386
tree_40,silver,Larkspur,kernel_yield_ct,2,43.622
tree_40,silver,Larkspur,nut_quality_index,2,70.3
tree_40,silver,Larkspur,protein_pct,2,13.932
tree_40,silver,Larkspur,moisture_pct,2,9.362
tree_40,silver,Larkspur,shell_hardness,2,49.108
tree_40,silver,Larkspur,nut_diameter_mm,2,22.176
tree_40,silver,Larkspur,kernel_mass_g,3,24.343
tree_40,silver,Larkspur,oil_content_pct,3,14.263
tree_40,silver,Larkspur,kernel_yield_ct,3,38.294
tree_40,silver,Larkspur,nut_quality_index,3,69.998
tree_40,silver,Larkspur,protein_pct,3,12.764
tree_40,silver,Larkspur,moisture_pct,3,7.321
tree_40,silver,Larkspur,shell_hardness,3,55.212
tree_40,silver,Larkspur,nut_diameter_mm,3,21.263
tree_40,silver,Larkspur,kernel_mass_g,4,28.292
tree_40,silver,Larkspur,oil_content_pct,4,12.722
tree_40,silver,Larkspur,kernel_yield_ct,4,39.245
tree_40,silver,Larkspur,nut_quality_index,4,67.757
tree_40,silver,Larkspur,protein_pct,4,14.296
tree_40,silver,Larkspur,moisture_pct,4,8.402
tree_40,silver,Larkspur,shell_hardness,4,55.06
tree_40,silver,Larkspur,nut_diameter_mm,4,22.241
tree_41,red,Emberfen,kernel_mass_g,1,29.787
tree_41,red,Emberfen,oil_content_pct,1,10.571
tree_41,red,Emberfen,kernel_yield_ct,1,38.779
tree_41,red,Emberfen,nut_quality_index,1,65.085
tree_41,red,Emberfen,protein_pct,1,12.013
tree_41,red,Emberfen,moisture_pct,1,8.3
tree_41,red,Emberfen,shell_hardness,1,51.766
tree_41,red,Emberfen,nut_diameter_mm,1,22.328
tree_41,red,Emberfen,kernel_mass_g,2,28.582
tree_41,red,Emberfen,oil_content_pct,2,9.728
tree_41,red,Emberfen,kernel_yield_ct,2,42.39
tree_41,red,Emberfen,nut_quality_index,2,72.712
tree_41,red,Emberfen,protein_pct,2,15.218
tree_41,red,Emberfen,moisture_pct,2,7.977
tree_41,red,Emberfen,shell_hardness,2,60.083
tree_41,red,Emberfen,nut_diameter_mm,2,21.353
tree_41,red,Emberfen,kernel_mass_g,3,29.309
tree_41,red,Emberfen,oil_content_pct,3,10.113
tree_41,red,Emberfen,kernel_yield_ct,3,39.119
tree_41,red,Emberfen,nut_quality_index,3,63.381
tree_41,red,Emberfen,protein_pct,3,14.878
tree_41,red,Emberfen,moisture_pct,3,7.383
tree_41,red,Emberfen,shell_hardness,3,50.26
tree_41,red,Emberfen,nut_diameter_mm,3,22.075
tree_41,red,Emberfen,kernel_mass_g,4,29.189
tree_41,red,Emberfen,oil_content_pct,4,9.265
tree_41,red,Emberfen,kernel_yield_ct,4,36.684
tree_41,red,Emberfen,nut_quality_index,4,67.831
tree_41,red,Emberfen,protein_pct,4,14.879
tree_41,red,Emberfen,moisture_pct,4,8.71
tree_41,red,Emberfen,shell_hardness,4,59.402
tree_41,red,Emberfen,nut_diameter_mm,4,21.682
tree_42,red,Emberfen,kernel_mass_g,1,29.636
tree_42,red,Emberfen,oil_content_pct,1,10.39
tree_42,red,Emberfen,kernel_yield_ct,1,38.362
tree_42,red,Emberfen,nut_quality_index,1,68.965
tree_42,red,Emberfen,protein_pct,1,12.93
tree_42,red,Emberfen,moisture_pct,1,7.112
tree_42,red,Emberfen,shell_hardness,1,56.778
tree_42,red,Emberfen,nut_diameter_mm,1,21.837
tree_42,red,Emberfen,kernel_mass_g,2,27.208
tree_42,red,Emberfen,oil_content_pct,2,7.81
tree_42,red,Emberfen,kernel_yield_ct,2,37.439
tree_42,red,Emberfen,nut_quality_index,2,71.859
tree_42,red,Emberfen,protein_pct,2,15.496
tree_42,red,Emberfen,moisture_pct,2,8.891
tree_42,red,Emberfen,shell_hardness,2,60.051
tree_42,red,Emberfen,nut_diameter_mm,2,19.924
tree_42,red,Emberfen,kernel_mass_g,3,28.411
tree_42,red,Emberfen,oil_content_pct,3,10.639
tree_42,red,Emberfen,kernel_yield_ct,3,40.044
tree_42,red,Emberfen,nut_quality_index,3,69.308
tree_42,red,Emberfen,protein_pct,3,15.86
tree_42,red,Emberfen,moisture_pct,3,7.564
tree_42,red,Emberfen,shell_hardness,3,58.716
tree_42,red,Emberfen,nut_diameter_mm,3,22.883
tree_42,red,Emberfen,kernel_mass_g,4,28.773
tree_42,red,Emberfen,oil_content_pct,4,10.733
tree_42,red,Emberfen,kernel_yield_ct,4,37.605
tree_42,red,Emberfen,nut_quality_index,4,67.878
tree_42,red,Emberfen,protein_pct,4,11.88
tree_42,red,Emberfen,moisture_pct,4,8.024
tree_42,red,Emberfen,shell_hardness,4,50.649
tree_42,red,Emberfen,nut_diameter_mm,4,21.914
tree_43,gold,Emberfen,kernel_mass_g,1,27.868
tree_43,gold,Emberfen,oil_content_pct,1,8.995
tree_43,gold,Emberfen,kernel_yield_ct,1,43.385
tree_43,gold,Emberfen,nut_quality_index,1,73.588
tree_43,gold,Emberfen,protein_pct,1,12.771
tree_43,gold,Emberfen,moisture_pct,1,9.236
tree_43,gold,Emberfen,shell_hardness,1,58.67
tree_43,gold,Emberfen,nut_diameter_mm,1,21.949
tree_43,gold,Emberfen,kernel_mass_g,2,29.646
tree_43,gold,Emberfen,oil_content_pct,2,9.05
tree_43,gold,Emberfen,kernel_yield_ct,2,45.649
tree_43,gold,Emberfen,nut_quality_index,2,74.73
tree_43,gold,Emberfen,protein_pct,2,12.61
tree_43,gold,Emberfen,moisture_pct,2,8.743
tree_43,gold,Emberfen,shell_hardness,2,56.232
tree_43,gold,Emberfen,nut_diameter_mm,2,23.883
tree_43,gold,Emberfen,kernel_mass_g,3,31.193
tree_43,gold,Emberfen,oil_content_pct,3,9.939
tree_43,gold,Emberfen,kernel_yield_ct,3,39.005
tree_43,gold,Emberfen,nut_quality_index,3,77.999
tree_43,gold,Emberfen,protein_pct,3,14.241
tree_43,gold,Emberfen,moisture_pct,3,7.679
tree_43,gold,Emberfen,shell_hardness,3,56.823
tree_43,gold,Emberfen,nut_diameter_mm,3,22.707
tree_43,gold,Emberfen,kernel_mass_g,4,30.045
tree_43,gold,Emberfen,oil_content_pct,4,9.815
tree_43,gold,Emberfen,kernel_yield_ct,4,41.798
tree_43,gold,Emberfen,nut_quality_index,4,77.191
tree_43,gold,Emberfen,protein_pct,4,16.196
tree_43,gold,Emberfen,moisture_pct,4,6.723
tree_43,gold,Emberfen,shell_hardness,4,60.843
tree_43,gold,Emberfen,nut_diameter_mm,4,22.208
tree_44,gold,Emberfen,kernel_mass_g,1,28.992
tree_44,gold,Emberfen,oil_content_pct,1,9.955
tree_44,gold,Emberfen,kernel_yield_ct,1,36.035
tree_44,gold,Emberfen,nut_quality_index,1,77.472
tree_44,gold,Emberfen,protein_pct,1,15.272
tree_44,gold,Emberfen,moisture_pct,1,6.424
tree_44,gold,Emberfen,shell_hardness,1,54.954
tree_44,gold,Emberfen,nut_diameter_mm,1,21.634
tree_44,gold,Emberfen,kernel_mass_g,2,25.573
tree_44,gold,Emberfen,oil_content_pct,2,10.367
tree_44,gold,Emberfen,kernel_yield_ct,2,42.151
tree_44,gold,Emberfen,nut_quality_index,2,69.751
tree_44,gold,Emberfen,protein_pct,2,16.907
tree_44,gold,Emberfen,moisture_pct,2,8.673
tree_44,gold,Emberfen,shell_hardness,2,58.534
tree_44,gold,Emberfen,nut_diameter_mm,2,22.924
tree_44,gold,Emberfen,kernel_mass_g,3,28.068
tree_44,gold,Emberfen,oil_content_pct,3,9.41
tree_44,gold,Emberfen,kernel_yield_ct,3,40.032
tree_44,gold,Emberfen,nut_quality_index,3,71.826
tree_44,gold,Emberfen,protein_pct,3,12.697
tree_44,gold,Emberfen,moisture_pct,3,8.68
tree_44,gold,Emberfen,shell_hardness,3,59.508
tree_44,gold,Emberfen,nut_diameter_mm,3,21.986
tree_44,gold,Emberfen,kernel_mass_g,4,28.72
tree_44,gold,Emberfen,oil_content_pct,4,12.734
tree_44,gold,Emberfen,kernel_yield_ct,4,41.679
tree_44,gold,Emberfen,nut_quality_index,4,75.151
tree_44,gold,Emberfen,protein_pct,4,13.78
tree_44,gold,Emberfen,moisture_pct,4,7.276
tree_44,gold,Emberfen,shell_hardness,4,55.881
tree_44,gold,Emberfen,nut_diameter_mm,4,20.741
tree_45,green,Emberfen,kernel_mass_g,1,27.997
tree_45,green,Emberfen,oil_content_pct,1,9.918
tree_45,green,Emberfen,kernel_yield_ct,1,40.612
tree_45,green,Emberfen,nut_quality_index,1,79.463
tree_45,green,Emberfen,protein_pct,1,14.964
tree_45,green,Emberfen,moisture_pct,1,9.01
tree_45,green,Emberfen,shell_hardness,1,59.743
tree_45,green,Emberfen,nut_diameter_mm,1,19.497
tree_45,green,Emberfen,kernel_mass_g,2,32.005
tree_45,green,Emberfen,oil_content_pct,2,11.059
tree_45,green,Emberfen,kernel_yield_ct,2,44.235
tree_45,green,Emberfen,nut_quality_index,2,75.619
tree_45,green,Emberfen,protein_pct,2,15.298
tree_45,green,Emberfen,moisture_pct,2,10.399
tree_45,green,Emberfen,shell_hardness,2,49.036
tree_45,green,Emberfen,nut_diameter_mm,2,21.186
tree_45,green,Emberfen,kernel_mass_g,3,27.264
tree_45,green,Emberfen,oil_content_pct,3,10.592
tree_45,green,Emberfen,kernel_yield_ct,3,42.586
tree_45,green,Emberfen,nut_quality_index,3,74.553
tree_45,green,Emberfen,protein_pct,3,13.515
tree_45,green,Emberfen,moisture_pct,3,8.596
tree_45,green,Emberfen,shell_hardness,3,50.314
tree_45,green,Emberfen,nut_diameter_mm,3,21.182
tree_45,green,Emberfen,kernel_mass_g,4,29.289
tree_45,green,Emberfen,oil_content_pct,4,9.443
tree_45,green,Emberfen,kernel_yield_ct,4,42.114
tree_45,green,Emberfen,nut_quality_index,4,76.571
tree_45,green,Emberfen,protein_pct,4,16.416
tree_45,green,Emberfen,moisture_pct,4,8.183
tree_45,green,Emberfen,shell_hardness,4,43.661
tree_45,green,Emberfen,nut_diameter_mm,4,22.775
tree_46,green,Emberfen,kernel_mass_g,1,26.217
tree_46,green,Emberfen,oil_content_pct,1,36.016
tree_46,green,Emberfen,kernel_yield_ct,1,39.728
tree_46,green,Emberfen,nut_quality_index,1,76.311
tree_46,green,Emberfen,protein_pct,1,13.257
tree_46,green,Emberfen,moisture_pct,1,7.768
tree_46,green,Emberfen,shell_hardness,1,51.558
tree_46,green,Emberfen,nut_diameter_mm,1,21.564
tree_46,green,Emberfen,kernel_mass_g,2,29.573
tree_46,green,Emberfen,oil_content_pct,2,37.799
tree_46,green,Emberfen,kernel_yield_ct,2,42.895
tree_46,green,Emberfen,nut_quality_index,2,79.492
tree_46,green,Emberfen,protein_pct,2,13.708
tree_46,green,Emberfen,moisture_pct,2,7.831
tree_46,green,Emberfen,shell_hardness,2,55.076
tree_46,green,Emberfen,nut_diameter_mm,2,22.954
tree_46,green,Emberfen,kernel_mass_g,3,30.459
tree_46,green,Emberfen,oil_content_pct,3,36.314
tree_46,green,Emberfen,kernel_yield_ct,3,46.533
tree_46,green,Emberfen,nut_quality_index,3,77.45
tree_46,green,Emberfen,protein_pct,3,14.396
tree_46,green,Emberfen,moisture_pct,3,8.017
tree_46,green,Emberfen,shell_hardness,3,49.63
tree_46,green,Emberfen,nut_diameter_mm,3,22.5
tree_46,green,Emberfen,kernel_mass_g,4,29.446
tree_46,green,Emberfen,oil_content_pct,4,37.255
tree_46,green,Emberfen,kernel_yield_ct,4,42.463
tree_46,green,Emberfen,nut_quality_index,4,76.224
tree_46,green,Emberfen,protein_pct,4,13.672
tree_46,green,Emberfen,moisture_pct,4,7.523
tree_46,green,Emberfen,shell_hardness,4,55.9
tree_46,green,Emberfen,nut_diameter_mm,4,24.038
tree_47,silver,Emberfen,kernel_mass_g,1,28.329
tree_47,silver,Emberfen,oil_content_pct,1,38.585
tree_47,silver,Emberfen,kernel_yield_ct,1,40.843
tree_47,silver,Emberfen,nut_quality_index,1,65.872
tree_47,silver,Emberfen,protein_pct,1,14.496
tree_47,silver,Emberfen,moisture_pct,1,6.813
tree_47,silver,Emberfen,shell_hardness,1,56.03
tree_47,silver,Emberfen,nut_diameter_mm,1,22.998
tree_47,silver,Emberfen,kernel_mass_g,2,28.754
tree_47,silver,Emberfen,oil_content_pct,2,38.131
tree_47,silver,Emberfen,kernel_yield_ct,2,38.064
tree_47,silver,Emberfen,nut_quality_index,2,60.896
tree_47,silver,Emberfen,protein_pct,2,12.917
tree_47,silver,Emberfen,moisture_pct,2,8.873
tree_47,silver,Emberfen,shell_hardness,2,60.834
tree_47,silver,Emberfen,nut_diameter_mm,2,21.609
tree_47,silver,Emberfen,kernel_mass_g,3,33.454
tree_47,silver,Emberfen,oil_content_pct,3,38.103
tree_47,silver,Emberfen,kernel_yield_ct,3,38.268
tree_47,silver,Emberfen,nut_quality_index,3,69.283
tree_47,silver,Emberfen,protein_pct,3,13.222
tree_47,silver,Emberfen,moisture_pct,3,6.512
tree_47,silver,Emberfen,shell_hardness,3,52.411
tree_47,silver,Emberfen,nut_diameter_mm,3,21.74
tree_47,silver,Emberfen,kernel_mass_g,4,27.013
tree_47,silver,Emberfen,oil_content_pct,4,37.977
tree_47,silver,Emberfen,kernel_yield_ct,4,42.733
tree_47,silver,Emberfen,nut_quality_index,4,62.989
tree_47,silver,Emberfen,protein_pct,4,12.651
tree_47,silver,Emberfen,moisture_pct,4,8.055
tree_47,silver,Emberfen,shell_hardness,4,53.793
tree_47,silver,Emberfen,nut_diameter_mm,4,22.808
tree_48,silver,Emberfen,kernel_mass_g,1,29.502
tree_48,silver,Emberfen,oil_content_pct,1,9.656
tree_48,silver,Emberfen,kernel_yield_ct,1,38.384
tree_48,silver,Emberfen,nut_quality_index,1,66.28
tree_48,silver,Emberfen,protein_pct,1,13.374
tree_48,silver,Emberfen,moisture_pct,1,8.596
tree_48,silver,Emberfen,shell_hardness,1,52.052
tree_48,silver,Emberfen,nut_diameter_mm,1,23.291
tree_48,silver,Emberfen,kernel_mass_g,2,29.998
tree_48,silver,Emberfen,oil_content_pct,2,9.308
tree_48,silver,Emberfen,kernel_yield_ct,2,42.943
tree_48,silver,Emberfen,nut_quality_index,2,70.119
tree_48,silver,Emberfen,protein_pct,2,13.892
tree_48,silver,Emberfen,moisture_pct,2,9.239
tree_48,silver,Emberfen,shell_hardness,2,59.351
tree_48,silver,Emberfen,nut_diameter_mm,2,21.033
tree_48,silver,Emberfen,kernel_mass_g,3,29.389
tree_48,silver,Emberfen,oil_content_pct,3,11.231
tree_48,silver,Emberfen,kernel_yield_ct,3,42.043
tree_48,silver,Emberfen,nut_quality_index,3,69.082
tree_48,silver,Emberfen,protein_pct,3,15.615
tree_48,silver,Emberfen,moisture_pct,3,7.401
tree_48,silver,Emberfen,shell_hardness,3,50.49
tree_48,silver,Emberfen,nut_diameter_mm,3,23.638
tree_48,silver,Emberfen,kernel_mass_g,4,27.454
tree_48,silver,Emberfen,oil_content_pct,4,10.535
tree_48,silver,Emberfen,kernel_yield_ct,4,40.095
tree_48,silver,Emberfen,nut_quality_index,4,68.316
tree_48,silver,Emberfen,protein_pct,4,13.824
tree_48,silver,Emberfen,moisture_pct,4,7.413
tree_48,silver,Emberfen,shell_hardness,4,54.311
tree_48,silver,Emberfen,nut_diameter_mm,4,21.536
