doc_id,writer,stop,script
G-01,Aldworth,1,"Stop one. In front of you is an urn. Notice how the light falls across the varnish. The spout was made by hand. Look closely at the joins. When you are ready, move on."
G-01,Aldworth,2,"Stop two. In front of you is a jug. Notice how the light softens across the glaze. The handle was made by hand. Look closely at the joins. When you are ready, move on."
G-01,Aldworth,3,"Stop three. In front of you is a bowl. Notice how the light moves across the varnish. The foot was made by hand. You may hear the floor of the room above you creaking here. Look closely at the cracks. When you are ready, move on."
G-01,Aldworth,4,"Stop four. In front of you is a bowl. Notice how the light falls across the varnish. The rim was made by hand. Look closely at the joins. When you are ready, move on."
G-01,Aldworth,5,"Stop five. In front of you is a jug. In front of you is a bowl. Notice how the light falls across the glaze. The handle was made by hand. Look closely at the colour. When you are ready, move on."
G-01,Aldworth,6,"Stop six. In front of you is a bowl. Notice how the light rests across the glaze. The handle was made by hand. You may hear the floor of the room above you creaking here. Look closely at the joins. When you are ready, move on."
G-01,Aldworth,7,"Stop seven. In front of you is a bowl. In front of you is a bowl. Notice how the light fades across the glaze. The spout was made by hand. Look closely at the joins. When you are ready, move on."
G-01,Aldworth,8,"Stop eight. In front of you is a bowl. In front of you is a bowl. Notice how the light moves across the glaze. The handle was made by hand. Look closely at the joins. When you are ready, move on."
G-01,Aldworth,9,"Stop nine. In front of you is a bowl. In front of you is a jug. Notice how the light falls across the varnish. The handle was made by hand. You may hear the floor of the room above you creaking here. Look closely at the cracks. When you are ready, move on."
G-01,Aldworth,10,"Stop ten. In front of you is an urn. In front of you is a bowl. Notice how the light rests across the glaze. The rim was made by hand. Look closely at the joins. When you are ready, move on."
G-01,Aldworth,11,"Stop eleven. In front of you is an urn. In front of you is a bowl. Notice how the light moves across the glass. The handle was made by hand. Look closely at the cracks. When you are ready, move on."
G-01,Aldworth,12,"Stop twelve. In front of you is a bowl. In front of you is a dish. Notice how the light pools across the glaze. The handle was made by hand. You may hear the floor of the room above you creaking here. Look closely at the cracks. When you are ready, move on."
G-01,Aldworth,13,"Stop thirteen. In front of you is a bowl. Notice how the light rests across the glaze. The foot was made by hand. Look closely at the joins. When you are ready, move on."
G-01,Aldworth,14,"Stop fourteen. In front of you is a jug. In front of you is a bowl. Notice how the light catches across the varnish. The rim was made by hand. Look closely at the cracks. When you are ready, move on."
G-01,Aldworth,15,"Stop fifteen. In front of you is a dish. In front of you is an urn. Notice how the light softens across the varnish. The handle was made by hand. You may hear the floor of the room above you creaking here. Look closely at the colour. When you are ready, move on."
G-01,Aldworth,16,"Stop sixteen. In front of you is a dish. In front of you is a jug. Notice how the light falls across the glaze. The foot was made by hand. Look closely at the cracks. When you are ready, move on."
G-01,Aldworth,17,"Stop seventeen. In front of you is a bowl. In front of you is a bowl. Notice how the light falls across the glass. The rim was made by hand. Look closely at the cracks. When you are ready, move on."
G-01,Aldworth,18,"Stop eighteen. In front of you is a bowl. In front of you is a bowl. Notice how the light falls across the glaze. The handle was made by hand. You may hear the floor of the room above you creaking here. Look closely at the cracks. When you are ready, move on."
G-01,Aldworth,19,"Stop nineteen. In front of you is a bowl. In front of you is a bowl. Notice how the light shifts across the glass. The rim was made by hand. Look closely at the cracks. When you are ready, move on."
G-01,Aldworth,20,"Stop twenty. In front of you is a bowl. In front of you is an urn. Notice how the light fades across the varnish. The handle was made by hand. Look closely at the joins. When you are ready, move on."
G-02,Renn,1,"Stop one. In front of you is an urn. Notice how the light pools across the varnish. The rim was made by hand. Look closely at the joins. When you are ready, move on."
G-02,Renn,2,"Stop two. In front of you is a jug. In front of you is a dish. Notice how the light pools across the glaze. The handle was made by hand. Look closely at the colour. When you are ready, move on."
G-02,Renn,3,"Stop three. In front of you is a jug. In front of you is a jug. Notice how the light fades across the glass. The rim was made by hand. This room was once the counting house of the old dye works. Look closely at the cracks. When you are ready, move on."
G-02,Renn,4,"Stop four. In front of you is a bowl. Notice how the light moves across the glaze. The rim was made by hand. Look closely at the joins. When you are ready, move on."
G-02,Renn,5,"Stop five. In front of you is a jug. In front of you is an urn. Notice how the light falls across the glaze. The foot was made by hand. Look closely at the joins. When you are ready, move on."
G-02,Renn,6,"Stop six. In front of you is a bowl. In front of you is a jug. Notice how the light falls across the glaze. The handle was made by hand. This room was once the counting house of the old dye works. Look closely at the colour. When you are ready, move on."
G-02,Renn,7,"Stop seven. In front of you is a bowl. In front of you is a bowl. Notice how the light falls across the glaze. The rim was made by hand. Look closely at the joins. When you are ready, move on."
G-02,Renn,8,"Stop eight. In front of you is a bowl. Notice how the light catches across the glaze. The handle was made by hand. Look closely at the joins. When you are ready, move on."
G-02,Renn,9,"Stop nine. In front of you is a tile. Notice how the light rests across the glass. The handle was made by hand. This room was once the counting house of the old dye works. Look closely at the joins. When you are ready, move on."
G-02,Renn,10,"Stop ten. In front of you is a bowl. In front of you is a bowl. Notice how the light softens across the glass. The spout was made by hand. Look closely at the cracks. When you are ready, move on."
G-02,Renn,11,"Stop eleven. In front of you is a dish. In front of you is a bowl. Notice how the light falls across the glass. The rim was made by hand. Look closely at the joins. When you are ready, move on."
G-02,Renn,12,"Stop twelve. In front of you is a jug. Notice how the light falls across the glass. The spout was made by hand. This room was once the counting house of the old dye works. Look closely at the joins. When you are ready, move on."
G-02,Renn,13,"Stop thirteen. In front of you is a bowl. In front of you is a jug. Notice how the light fades across the glaze. The rim was made by hand. Look closely at the joins. When you are ready, move on."
G-02,Renn,14,"Stop fourteen. In front of you is a bowl. In front of you is a bowl. Notice how the light falls across the glaze. The handle was made by hand. Look closely at the joins. When you are ready, move on."
G-02,Renn,15,"Stop fifteen. In front of you is a bowl. In front of you is a dish. Notice how the light falls across the glaze. The rim was made by hand. This room was once the counting house of the old dye works. Look closely at the cracks. When you are ready, move on."
G-02,Renn,16,"Stop sixteen. In front of you is a bowl. In front of you is a bowl. Notice how the light pools across the glass. The handle was made by hand. Look closely at the cracks. When you are ready, move on."
G-02,Renn,17,"Stop seventeen. In front of you is a jug. In front of you is a bowl. Notice how the light falls across the glass. The spout was made by hand. Look closely at the cracks. When you are ready, move on."
G-02,Renn,18,"Stop eighteen. In front of you is a jug. In front of you is a bowl. Notice how the light catches across the varnish. The rim was made by hand. This room was once the counting house of the old dye works. Look closely at the cracks. When you are ready, move on."
G-02,Renn,19,"Stop nineteen. In front of you is a bowl. In front of you is a bowl. Notice how the light catches across the varnish. The rim was made by hand. Look closely at the joins. When you are ready, move on."
G-02,Renn,20,"Stop twenty. In front of you is a bowl. Notice how the light catches across the glaze. The rim was made by hand. Look closely at the cracks. When you are ready, move on."
G-03,Purley,1,"Stop one. In front of you is a tile. In front of you is an urn. Notice how the light fades across the varnish. The spout was made by hand. Look closely at the cracks. When you are ready, move on."
G-03,Purley,2,"Stop two. In front of you is a dish. In front of you is a bowl. Notice how the light moves across the varnish. The spout was made by hand. Look closely at the cracks. When you are ready, move on."
G-03,Purley,3,"Stop three. In front of you is a bowl. In front of you is a bowl. Notice how the light shifts across the glass. The spout was made by hand. The bench behind you is original and visitors are welcome to sit. Look closely at the colour. When you are ready, move on."
G-03,Purley,4,"Stop four. In front of you is a dish. In front of you is a dish. Notice how the light moves across the glaze. The rim was made by hand. Look closely at the joins. When you are ready, move on."
G-03,Purley,5,"Stop five. In front of you is a bowl. In front of you is a bowl. Notice how the light catches across the varnish. The spout was made by hand. Look closely at the colour. When you are ready, move on."
G-03,Purley,6,"Stop six. In front of you is a bowl. In front of you is a bowl. Notice how the light softens across the glass. The spout was made by hand. The bench behind you is original and visitors are welcome to sit. Look closely at the colour. When you are ready, move on."
G-03,Purley,7,"Stop seven. In front of you is a jug. Notice how the light moves across the varnish. The spout was made by hand. Look closely at the colour. When you are ready, move on."
G-03,Purley,8,"Stop eight. In front of you is a tile. In front of you is a jug. Notice how the light catches across the glass. The spout was made by hand. Look closely at the colour. When you are ready, move on."
G-03,Purley,9,"Stop nine. In front of you is a dish. In front of you is a bowl. Notice how the light catches across the glass. The spout was made by hand. The bench behind you is original and visitors are welcome to sit. Look closely at the cracks. When you are ready, move on."
G-03,Purley,10,"Stop ten. In front of you is a bowl. In front of you is a bowl. Notice how the light moves across the varnish. The rim was made by hand. Look closely at the cracks. When you are ready, move on."
G-03,Purley,11,"Stop eleven. In front of you is a bowl. Notice how the light falls across the glass. The spout was made by hand. Look closely at the colour. When you are ready, move on."
G-03,Purley,12,"Stop twelve. In front of you is a dish. Notice how the light rests across the glass. The handle was made by hand. The bench behind you is original and visitors are welcome to sit. Look closely at the cracks. When you are ready, move on."
G-03,Purley,13,"Stop thirteen. In front of you is a dish. Notice how the light shifts across the varnish. The spout was made by hand. Look closely at the colour. When you are ready, move on."
G-03,Purley,14,"Stop fourteen. In front of you is a dish. In front of you is a bowl. Notice how the light falls across the glaze. The rim was made by hand. Look closely at the cracks. When you are ready, move on."
G-03,Purley,15,"Stop fifteen. In front of you is a dish. In front of you is a bowl. Notice how the light fades across the glaze. The spout was made by hand. The bench behind you is original and visitors are welcome to sit. Look closely at the cracks. When you are ready, move on."
G-03,Purley,16,"Stop sixteen. In front of you is a dish. Notice how the light softens across the glaze. The rim was made by hand. Look closely at the colour. When you are ready, move on."
G-03,Purley,17,"Stop seventeen. In front of you is a jug. Notice how the light fades across the glass. The handle was made by hand. Look closely at the cracks. When you are ready, move on."
G-03,Purley,18,"Stop eighteen. In front of you is a bowl. In front of you is a bowl. Notice how the light fades across the glaze. The rim was made by hand. The bench behind you is original and visitors are welcome to sit. Look closely at the colour. When you are ready, move on."
G-03,Purley,19,"Stop nineteen. In front of you is an urn. In front of you is a jug. Notice how the light falls across the glaze. The spout was made by hand. Look closely at the joins. When you are ready, move on."
G-03,Purley,20,"Stop twenty. In front of you is a bowl. In front of you is a tile. Notice how the light catches across the varnish. The spout was made by hand. Look closely at the joins. When you are ready, move on."
G-04,Hask,1,"Stop one. In front of you is a jug. In front of you is a bowl. Notice how the light fades across the varnish. The foot was made by hand. Look closely at the joins. When you are ready, move on."
G-04,Hask,2,"Stop two. In front of you is a jug. Notice how the light moves across the glass. The spout was made by hand. Look closely at the cracks. When you are ready, move on."
G-04,Hask,3,"Stop three. In front of you is an urn. Notice how the light catches across the glaze. The foot was made by hand. Many people walk past this one without ever stopping to look. Look closely at the cracks. When you are ready, move on."
G-04,Hask,4,"Stop four. In front of you is a jug. In front of you is a bowl. Notice how the light moves across the glass. The handle was made by hand. Look closely at the cracks. When you are ready, move on."
G-04,Hask,5,"Stop five. In front of you is a jug. Notice how the light rests across the glaze. The spout was made by hand. Look closely at the colour. When you are ready, move on."
G-04,Hask,6,"Stop six. In front of you is a bowl. In front of you is a bowl. Notice how the light pools across the varnish. The spout was made by hand. Many people walk past this one without ever stopping to look. Look closely at the cracks. When you are ready, move on."
G-04,Hask,7,"Stop seven. In front of you is a bowl. In front of you is a tile. Notice how the light softens across the glaze. The handle was made by hand. Look closely at the cracks. When you are ready, move on."
G-04,Hask,8,"Stop eight. In front of you is a bowl. In front of you is a dish. Notice how the light catches across the glass. The foot was made by hand. Look closely at the joins. When you are ready, move on."
G-04,Hask,9,"Stop nine. In front of you is a jug. In front of you is a bowl. Notice how the light falls across the glass. The rim was made by hand. Many people walk past this one without ever stopping to look. Look closely at the joins. When you are ready, move on."
G-04,Hask,10,"Stop ten. In front of you is an urn. In front of you is a dish. Notice how the light softens across the glass. The foot was made by hand. Look closely at the cracks. When you are ready, move on."
G-04,Hask,11,"Stop eleven. In front of you is a bowl. In front of you is a bowl. Notice how the light falls across the glaze. The handle was made by hand. Look closely at the cracks. When you are ready, move on."
G-04,Hask,12,"Stop twelve. In front of you is a bowl. In front of you is a bowl. Notice how the light pools across the glass. The handle was made by hand. Many people walk past this one without ever stopping to look. Look closely at the joins. When you are ready, move on."
G-04,Hask,13,"Stop thirteen. In front of you is a jug. Notice how the light falls across the glass. The foot was made by hand. Look closely at the cracks. When you are ready, move on."
G-04,Hask,14,"Stop fourteen. In front of you is a bowl. Notice how the light shifts across the varnish. The spout was made by hand. Look closely at the cracks. When you are ready, move on."
G-04,Hask,15,"Stop fifteen. In front of you is a jug. Notice how the light catches across the varnish. The foot was made by hand. Many people walk past this one without ever stopping to look. Look closely at the joins. When you are ready, move on."
G-04,Hask,16,"Stop sixteen. In front of you is a bowl. In front of you is a dish. Notice how the light falls across the glaze. The handle was made by hand. Look closely at the cracks. When you are ready, move on."
G-04,Hask,17,"Stop seventeen. In front of you is a bowl. In front of you is a bowl. Notice how the light fades across the glaze. The foot was made by hand. Look closely at the joins. When you are ready, move on."
G-04,Hask,18,"Stop eighteen. In front of you is a bowl. Notice how the light softens across the glaze. The foot was made by hand. Many people walk past this one without ever stopping to look. Look closely at the cracks. When you are ready, move on."
G-04,Hask,19,"Stop nineteen. In front of you is a tile. In front of you is a dish. Notice how the light falls across the glass. The handle was made by hand. Look closely at the cracks. When you are ready, move on."
G-04,Hask,20,"Stop twenty. In front of you is a tile. Notice how the light catches across the varnish. The rim was made by hand. Look closely at the cracks. When you are ready, move on."
G-05,Vell,1,"Stop one. In front of you is a jug. Notice how the light catches across the varnish. The handle was made by hand. Look closely at the joins. When you are ready, move on."
G-05,Vell,2,"Stop two. In front of you is a dish. In front of you is a bowl. Notice how the light catches across the varnish. The rim was made by hand. Look closely at the joins. When you are ready, move on."
G-05,Vell,3,"Stop three. In front of you is a bowl. In front of you is a jug. Notice how the light moves across the glass. The spout was made by hand. This case is opened only once each year for cleaning. Look closely at the joins. When you are ready, move on."
G-05,Vell,4,"Stop four. In front of you is a bowl. In front of you is a tile. Notice how the light softens across the varnish. The handle was made by hand. Look closely at the joins. When you are ready, move on."
G-05,Vell,5,"Stop five. In front of you is a jug. In front of you is a tile. Notice how the light pools across the varnish. The foot was made by hand. Look closely at the colour. When you are ready, move on."
G-05,Vell,6,"Stop six. In front of you is a bowl. In front of you is a jug. Notice how the light falls across the varnish. The handle was made by hand. This case is opened only once each year for cleaning. Look closely at the joins. When you are ready, move on."
G-05,Vell,7,"Stop seven. In front of you is a jug. Notice how the light shifts across the varnish. The handle was made by hand. Look closely at the cracks. When you are ready, move on."
G-05,Vell,8,"Stop eight. In front of you is an urn. In front of you is a tile. Notice how the light falls across the glass. The spout was made by hand. Look closely at the joins. When you are ready, move on."
G-05,Vell,9,"Stop nine. In front of you is a bowl. Notice how the light falls across the glaze. The handle was made by hand. This case is opened only once each year for cleaning. Look closely at the joins. When you are ready, move on."
G-05,Vell,10,"Stop ten. In front of you is a dish. In front of you is a bowl. Notice how the light pools across the glaze. The rim was made by hand. Look closely at the cracks. When you are ready, move on."
G-05,Vell,11,"Stop eleven. In front of you is a jug. In front of you is a bowl. Notice how the light falls across the varnish. The spout was made by hand. Look closely at the cracks. When you are ready, move on."
G-05,Vell,12,"Stop twelve. In front of you is a bowl. In front of you is a bowl. Notice how the light catches across the glass. The handle was made by hand. This case is opened only once each year for cleaning. Look closely at the joins. When you are ready, move on."
G-05,Vell,13,"Stop thirteen. In front of you is a tile. In front of you is a bowl. Notice how the light falls across the glaze. The handle was made by hand. Look closely at the joins. When you are ready, move on."
G-05,Vell,14,"Stop fourteen. In front of you is a bowl. In front of you is a bowl. Notice how the light falls across the glass. The rim was made by hand. Look closely at the joins. When you are ready, move on."
G-05,Vell,15,"Stop fifteen. In front of you is an urn. In front of you is a bowl. Notice how the light shifts across the varnish. The rim was made by hand. This case is opened only once each year for cleaning. Look closely at the cracks. When you are ready, move on."
G-05,Vell,16,"Stop sixteen. In front of you is a dish. In front of you is a jug. Notice how the light moves across the glaze. The handle was made by hand. Look closely at the cracks. When you are ready, move on."
G-05,Vell,17,"Stop seventeen. In front of you is a bowl. In front of you is an urn. Notice how the light softens across the varnish. The rim was made by hand. Look closely at the joins. When you are ready, move on."
G-05,Vell,18,"Stop eighteen. In front of you is a dish. In front of you is a jug. Notice how the light falls across the varnish. The spout was made by hand. This case is opened only once each year for cleaning. Look closely at the joins. When you are ready, move on."
G-05,Vell,19,"Stop nineteen. In front of you is a bowl. In front of you is a jug. Notice how the light fades across the varnish. The rim was made by hand. Look closely at the cracks. When you are ready, move on."
G-05,Vell,20,"Stop twenty. In front of you is an urn. Notice how the light softens across the varnish. The handle was made by hand. Look closely at the joins. When you are ready, move on."
G-06,Corbey,1,"Stop one. In front of you is a tile. In front of you is a bowl. Notice how the light softens across the glaze. The spout was made by hand. Look closely at the cracks. When you are ready, move on."
G-06,Corbey,2,"Stop two. In front of you is a bowl. In front of you is a bowl. Notice how the light moves across the glass. The rim was made by hand. Look closely at the cracks. When you are ready, move on."
G-06,Corbey,3,"Stop three. In front of you is a dish. In front of you is a jug. Notice how the light falls across the varnish. The rim was made by hand. There are two more examples of this upstairs in the long gallery. Look closely at the colour. When you are ready, move on."
G-06,Corbey,4,"Stop four. In front of you is a tile. In front of you is a bowl. Notice how the light falls across the varnish. The rim was made by hand. Look closely at the cracks. When you are ready, move on."
G-06,Corbey,5,"Stop five. In front of you is a bowl. Notice how the light falls across the glaze. The rim was made by hand. Look closely at the cracks. When you are ready, move on."
G-06,Corbey,6,"Stop six. In front of you is a bowl. In front of you is a jug. Notice how the light fades across the glass. The spout was made by hand. There are two more examples of this upstairs in the long gallery. Look closely at the cracks. When you are ready, move on."
G-06,Corbey,7,"Stop seven. In front of you is a dish. In front of you is a tile. Notice how the light falls across the glass. The spout was made by hand. Look closely at the joins. When you are ready, move on."
G-06,Corbey,8,"Stop eight. In front of you is a bowl. In front of you is a bowl. Notice how the light falls across the glass. The foot was made by hand. Look closely at the cracks. When you are ready, move on."
G-06,Corbey,9,"Stop nine. In front of you is a jug. In front of you is a bowl. Notice how the light falls across the glass. The rim was made by hand. There are two more examples of this upstairs in the long gallery. Look closely at the cracks. When you are ready, move on."
G-06,Corbey,10,"Stop ten. In front of you is a bowl. Notice how the light falls across the varnish. The rim was made by hand. Look closely at the cracks. When you are ready, move on."
G-06,Corbey,11,"Stop eleven. In front of you is a dish. Notice how the light pools across the varnish. The handle was made by hand. Look closely at the cracks. When you are ready, move on."
G-06,Corbey,12,"Stop twelve. In front of you is a tile. In front of you is a bowl. Notice how the light catches across the glaze. The rim was made by hand. There are two more examples of this upstairs in the long gallery. Look closely at the joins. When you are ready, move on."
G-06,Corbey,13,"Stop thirteen. In front of you is a jug. In front of you is a bowl. Notice how the light rests across the glass. The rim was made by hand. Look closely at the joins. When you are ready, move on."
G-06,Corbey,14,"Stop fourteen. In front of you is a tile. Notice how the light falls across the glaze. The handle was made by hand. Look closely at the colour. When you are ready, move on."
G-06,Corbey,15,"Stop fifteen. In front of you is a dish. In front of you is an urn. Notice how the light falls across the glaze. The handle was made by hand. There are two more examples of this upstairs in the long gallery. Look closely at the colour. When you are ready, move on."
G-06,Corbey,16,"Stop sixteen. In front of you is a bowl. In front of you is a bowl. Notice how the light catches across the varnish. The spout was made by hand. Look closely at the colour. When you are ready, move on."
G-06,Corbey,17,"Stop seventeen. In front of you is a bowl. Notice how the light catches across the glaze. The handle was made by hand. Look closely at the joins. When you are ready, move on."
G-06,Corbey,18,"Stop eighteen. In front of you is a dish. In front of you is a bowl. Notice how the light softens across the glass. The foot was made by hand. There are two more examples of this upstairs in the long gallery. Look closely at the joins. When you are ready, move on."
G-06,Corbey,19,"Stop nineteen. In front of you is a bowl. In front of you is a bowl. Notice how the light catches across the glass. The spout was made by hand. Look closely at the cracks. When you are ready, move on."
G-06,Corbey,20,"Stop twenty. In front of you is a dish. In front of you is a bowl. Notice how the light falls across the glaze. The handle was made by hand. Look closely at the joins. When you are ready, move on."
G-07,Mundy,1,"Stop one. In front of you is a bowl. Notice how the light falls across the glaze. The spout was made by hand. Look closely at the colour. When you are ready, move on."
G-07,Mundy,2,"Stop two. In front of you is a jug. In front of you is a tile. Notice how the light shifts across the glaze. The rim was made by hand. Look closely at the cracks. When you are ready, move on."
G-07,Mundy,3,"Stop three. In front of you is a tile. In front of you is a bowl. Notice how the light fades across the glass. The foot was made by hand. The donor of this piece asked to remain entirely unnamed. Look closely at the joins. When you are ready, move on."
G-07,Mundy,4,"Stop four. In front of you is a bowl. In front of you is a bowl. Notice how the light falls across the glass. The spout was made by hand. Look closely at the cracks. When you are ready, move on."
G-07,Mundy,5,"Stop five. In front of you is a jug. In front of you is a jug. Notice how the light pools across the varnish. The spout was made by hand. Look closely at the cracks. When you are ready, move on."
G-07,Mundy,6,"Stop six. In front of you is a bowl. In front of you is a dish. Notice how the light falls across the glaze. The spout was made by hand. The donor of this piece asked to remain entirely unnamed. Look closely at the cracks. When you are ready, move on."
G-07,Mundy,7,"Stop seven. In front of you is a jug. In front of you is an urn. Notice how the light falls across the glaze. The rim was made by hand. Look closely at the cracks. When you are ready, move on."
G-07,Mundy,8,"Stop eight. In front of you is a bowl. In front of you is a bowl. Notice how the light rests across the glaze. The spout was made by hand. Look closely at the joins. When you are ready, move on."
G-07,Mundy,9,"Stop nine. In front of you is a jug. In front of you is a bowl. Notice how the light shifts across the glass. The spout was made by hand. The donor of this piece asked to remain entirely unnamed. Look closely at the joins. When you are ready, move on."
G-07,Mundy,10,"Stop ten. In front of you is a dish. In front of you is a tile. Notice how the light catches across the glaze. The handle was made by hand. Look closely at the colour. When you are ready, move on."
G-07,Mundy,11,"Stop eleven. In front of you is a bowl. In front of you is a bowl. Notice how the light fades across the glaze. The spout was made by hand. Look closely at the cracks. When you are ready, move on."
G-07,Mundy,12,"Stop twelve. In front of you is a bowl. Notice how the light falls across the glass. The spout was made by hand. The donor of this piece asked to remain entirely unnamed. Look closely at the cracks. When you are ready, move on."
G-07,Mundy,13,"Stop thirteen. In front of you is a dish. Notice how the light fades across the glass. The rim was made by hand. Look closely at the colour. When you are ready, move on."
G-07,Mundy,14,"Stop fourteen. In front of you is a bowl. In front of you is a bowl. Notice how the light catches across the varnish. The rim was made by hand. Look closely at the cracks. When you are ready, move on."
G-07,Mundy,15,"Stop fifteen. In front of you is a dish. In front of you is a tile. Notice how the light shifts across the varnish. The foot was made by hand. The donor of this piece asked to remain entirely unnamed. Look closely at the cracks. When you are ready, move on."
G-07,Mundy,16,"Stop sixteen. In front of you is a bowl. In front of you is a bowl. Notice how the light fades across the glaze. The foot was made by hand. Look closely at the joins. When you are ready, move on."
G-07,Mundy,17,"Stop seventeen. In front of you is a tile. Notice how the light falls across the glass. The spout was made by hand. Look closely at the colour. When you are ready, move on."
G-07,Mundy,18,"Stop eighteen. In front of you is a bowl. In front of you is a bowl. Notice how the light softens across the glaze. The spout was made by hand. The donor of this piece asked to remain entirely unnamed. Look closely at the cracks. When you are ready, move on."
G-07,Mundy,19,"Stop nineteen. In front of you is a dish. In front of you is a dish. Notice how the light shifts across the glaze. The spout was made by hand. Look closely at the cracks. When you are ready, move on."
G-07,Mundy,20,"Stop twenty. In front of you is a jug. In front of you is a bowl. Notice how the light pools across the glass. The handle was made by hand. Look closely at the joins. When you are ready, move on."
G-08,Strane,1,"Stop one. In front of you is a dish. Notice how the light falls across the varnish. The rim was made by hand. Look closely at the joins. When you are ready, move on."
G-08,Strane,2,"Stop two. In front of you is an urn. In front of you is a bowl. Notice how the light falls across the glass. The rim was made by hand. Look closely at the cracks. When you are ready, move on."
G-08,Strane,3,"Stop three. In front of you is a dish. Notice how the light fades across the glass. The handle was made by hand. This label was written by a class of local children. Look closely at the joins. When you are ready, move on."
G-08,Strane,4,"Stop four. In front of you is a bowl. In front of you is a bowl. Notice how the light falls across the glaze. The foot was made by hand. Look closely at the joins. When you are ready, move on."
G-08,Strane,5,"Stop five. In front of you is a bowl. In front of you is a tile. Notice how the light softens across the glass. The spout was made by hand. Look closely at the colour. When you are ready, move on."
G-08,Strane,6,"Stop six. In front of you is a bowl. In front of you is a bowl. Notice how the light falls across the varnish. The foot was made by hand. This label was written by a class of local children. Look closely at the colour. When you are ready, move on."
G-08,Strane,7,"Stop seven. In front of you is a dish. Notice how the light pools across the glaze. The foot was made by hand. Look closely at the cracks. When you are ready, move on."
G-08,Strane,8,"Stop eight. In front of you is a bowl. In front of you is a jug. Notice how the light catches across the glaze. The spout was made by hand. Look closely at the colour. When you are ready, move on."
G-08,Strane,9,"Stop nine. In front of you is a jug. In front of you is a jug. Notice how the light rests across the varnish. The foot was made by hand. This label was written by a class of local children. Look closely at the joins. When you are ready, move on."
G-08,Strane,10,"Stop ten. In front of you is a tile. Notice how the light pools across the glaze. The foot was made by hand. Look closely at the cracks. When you are ready, move on."
G-08,Strane,11,"Stop eleven. In front of you is a jug. Notice how the light falls across the varnish. The handle was made by hand. Look closely at the joins. When you are ready, move on."
G-08,Strane,12,"Stop twelve. In front of you is an urn. In front of you is a bowl. Notice how the light rests across the varnish. The foot was made by hand. This label was written by a class of local children. Look closely at the joins. When you are ready, move on."
G-08,Strane,13,"Stop thirteen. In front of you is an urn. In front of you is a bowl. Notice how the light softens across the glaze. The spout was made by hand. Look closely at the cracks. When you are ready, move on."
G-08,Strane,14,"Stop fourteen. In front of you is a jug. In front of you is a bowl. Notice how the light falls across the varnish. The foot was made by hand. Look closely at the joins. When you are ready, move on."
G-08,Strane,15,"Stop fifteen. In front of you is a bowl. Notice how the light falls across the glaze. The spout was made by hand. This label was written by a class of local children. Look closely at the joins. When you are ready, move on."
G-08,Strane,16,"Stop sixteen. In front of you is a bowl. In front of you is a tile. Notice how the light falls across the varnish. The foot was made by hand. Look closely at the cracks. When you are ready, move on."
G-08,Strane,17,"Stop seventeen. In front of you is a jug. Notice how the light catches across the varnish. The handle was made by hand. Look closely at the joins. When you are ready, move on."
G-08,Strane,18,"Stop eighteen. In front of you is a jug. Notice how the light fades across the glaze. The rim was made by hand. This label was written by a class of local children. Look closely at the joins. When you are ready, move on."
G-08,Strane,19,"Stop nineteen. In front of you is a bowl. In front of you is a dish. Notice how the light falls across the glaze. The foot was made by hand. Look closely at the joins. When you are ready, move on."
G-08,Strane,20,"Stop twenty. In front of you is a jug. In front of you is a dish. Notice how the light rests across the glaze. The foot was made by hand. Look closely at the colour. When you are ready, move on."
