doc_id,chef,dish,description
M-01,Bellamy,1,"Griddled beetroot with crisps, almonds and cheese. Served cold."
M-01,Bellamy,2,"Smoked plaice with lentils, almonds and aioli. Served hot. Ask about the bread."
M-01,Bellamy,3,"Pickled fennel with greens, radishes and honey. Served chilled. The pan is older than the cook."
M-01,Bellamy,4,"Poached plaice with polenta, radishes and cream. Served hot. Ask about the bread."
M-01,Bellamy,5,"Roasted squash with lentils, tarragon and jus. Served warm."
M-01,Bellamy,6,"Roasted squash with greens, leaves and gremolata. Served cold. Ask about the bread. The pan is older than the cook."
M-01,Bellamy,7,"Roasted squash with lentils, anchovies and yoghurt. Served chilled."
M-01,Bellamy,8,"Pickled squash with cabbage, dill and cheese. Served warm. Ask about the bread."
M-01,Bellamy,9,"Roasted mackerel with barley, tarragon and yoghurt. Served warm. The pan is older than the cook."
M-01,Bellamy,10,"Braised squash with shallots, olives and yoghurt. Served cold. Ask about the bread."
M-01,Bellamy,11,"Roasted squash with barley, capers and vinegar. Served chilled."
M-01,Bellamy,12,"Braised cauliflower with polenta, hazelnuts and gremolata. Served warm. Ask about the bread. The pan is older than the cook."
M-01,Bellamy,13,"Roasted beetroot with potatoes, tarragon and salsa. Served warm."
M-01,Bellamy,14,"Poached trout with crisps, capers and salsa. Served warm. Ask about the bread."
M-01,Bellamy,15,"Roasted hogget with cabbage, watercress and pesto. Served cold. The pan is older than the cook."
M-01,Bellamy,16,"Griddled beetroot with lentils, capers and cream. Served warm. Ask about the bread."
M-01,Bellamy,17,"Poached pheasant with couscous, anchovies and mustard. Served warm."
M-01,Bellamy,18,"Pickled trout with potatoes, dill and cheese. Served warm. Ask about the bread. The pan is older than the cook."
M-01,Bellamy,19,"Braised plaice with couscous, raisins and oil. Served warm."
M-01,Bellamy,20,"Roasted cauliflower with potatoes, walnuts and yoghurt. Served warm. Ask about the bread."
M-01,Bellamy,21,"Griddled mackerel with cabbage, chives and oil. Served warm. The pan is older than the cook."
M-01,Bellamy,22,"Smoked celeriac with chickpeas, nuts and broth. Served warm. Ask about the bread."
M-01,Bellamy,23,"Braised celeriac with gnocchi, sorrel and salsa. Served cold."
M-01,Bellamy,24,"Roasted mackerel with chickpeas, dill and cream. Served warm. Ask about the bread. The pan is older than the cook."
M-01,Bellamy,25,"Roasted hogget with barley, hazelnuts and butter. Served cold."
M-01,Bellamy,26,"Smoked cauliflower with lentils, hazelnuts and cheese. Served warm. Ask about the bread."
M-01,Bellamy,27,"Poached hogget with potatoes, herbs and jus. Served warm. The pan is older than the cook."
M-01,Bellamy,28,"Poached squash with barley, capers and pesto. Served warm. Ask about the bread."
M-01,Bellamy,29,"Griddled chard with farro, watercress and oil. Served warm."
M-01,Bellamy,30,"Roasted parsnips with lentils, hazelnuts and yoghurt. Served warm. Ask about the bread. The pan is older than the cook."
M-01,Bellamy,31,"Smoked fennel with dumplings, walnuts and cheese. Served warm."
M-01,Bellamy,32,"Roasted squash with samphire, tarragon and salsa. Served warm. Ask about the bread."
M-01,Bellamy,33,"Pickled cauliflower with rice, watercress and yoghurt. Served warm. The pan is older than the cook."
M-01,Bellamy,34,"Griddled beetroot with greens, dill and cheese. Served chilled. Ask about the bread."
M-01,Bellamy,35,"Griddled plaice with lentils, tarragon and cheese. Served warm."
M-01,Bellamy,36,"Roasted fennel with spelt, walnuts and broth. Served hot. Ask about the bread. The pan is older than the cook."
M-02,Oke,1,"Griddled trout with lentils, nuts and gremolata. Served warm."
M-02,Oke,2,"Braised celeriac with lentils, sorrel and butter. Served warm. Ask about the bread."
M-02,Oke,3,"Roasted chard with potatoes, herbs and aioli. Served hot. Best eaten by the window."
M-02,Oke,4,"Pickled plaice with lentils, radishes and salsa. Served warm. Ask about the bread."
M-02,Oke,5,"Poached squash with samphire, capers and gremolata. Served hot."
M-02,Oke,6,"Braised squash with mash, hazelnuts and pesto. Served hot. Ask about the bread. Best eaten by the window."
M-02,Oke,7,"Braised plaice with cabbage, tarragon and cream. Served warm."
M-02,Oke,8,"Griddled pheasant with greens, capers and honey. Served warm. Ask about the bread."
M-02,Oke,9,"Smoked fennel with barley, raisins and cheese. Served warm. Best eaten by the window."
M-02,Oke,10,"Pickled pheasant with barley, walnuts and cream. Served warm. Ask about the bread."
M-02,Oke,11,"Roasted hogget with barley, nuts and cream. Served hot."
M-02,Oke,12,"Poached hogget with lentils, currants and gremolata. Served warm. Ask about the bread. Best eaten by the window."
M-02,Oke,13,"Griddled parsnips with lentils, watercress and broth. Served warm."
M-02,Oke,14,"Griddled pheasant with lentils, dill and aioli. Served hot. Ask about the bread."
M-02,Oke,15,"Roasted squash with lentils, chives and aioli. Served warm. Best eaten by the window."
M-02,Oke,16,"Braised hogget with potatoes, nuts and aioli. Served cold. Ask about the bread."
M-02,Oke,17,"Roasted mackerel with dumplings, walnuts and cheese. Served warm."
M-02,Oke,18,"Poached celeriac with lentils, sorrel and broth. Served cold. Ask about the bread. Best eaten by the window."
M-02,Oke,19,"Griddled mackerel with polenta, hazelnuts and vinegar. Served warm."
M-02,Oke,20,"Poached pheasant with chips, hazelnuts and mustard. Served warm. Ask about the bread."
M-02,Oke,21,"Griddled cauliflower with dumplings, nuts and butter. Served warm. Best eaten by the window."
M-02,Oke,22,"Roasted chard with lentils, pickles and gremolata. Served chilled. Ask about the bread."
M-02,Oke,23,"Poached fennel with mash, leaves and cream. Served hot."
M-02,Oke,24,"Pickled beetroot with lentils, walnuts and yoghurt. Served warm. Ask about the bread. Best eaten by the window."
M-02,Oke,25,"Roasted mackerel with shallots, hazelnuts and cheese. Served hot."
M-02,Oke,26,"Roasted mackerel with rice, olives and mustard. Served hot. Ask about the bread."
M-02,Oke,27,"Pickled squash with greens, raisins and mustard. Served hot. Best eaten by the window."
M-02,Oke,28,"Poached trout with lentils, sorrel and aioli. Served hot. Ask about the bread."
M-02,Oke,29,"Smoked chard with potatoes, watercress and vinegar. Served warm."
M-02,Oke,30,"Braised cauliflower with chickpeas, walnuts and aioli. Served warm. Ask about the bread. Best eaten by the window."
M-02,Oke,31,"Pickled celeriac with samphire, almonds and broth. Served cold."
M-02,Oke,32,"Pickled chard with rice, capers and jus. Served hot. Ask about the bread."
M-02,Oke,33,"Braised beetroot with greens, hazelnuts and cream. Served warm. Best eaten by the window."
M-02,Oke,34,"Roasted hogget with chips, hazelnuts and cream. Served warm. Ask about the bread."
M-02,Oke,35,"Roasted beetroot with greens, olives and yoghurt. Served hot."
M-02,Oke,36,"Poached chard with chips, sorrel and aioli. Served cold. Ask about the bread. Best eaten by the window."
M-03,Farrow,1,"Pickled fennel with cabbage, leaves and cheese. Served warm."
M-03,Farrow,2,"Griddled cauliflower with chickpeas, raisins and cream. Served cold. Ask about the bread."
M-03,Farrow,3,"Pickled beetroot with chips, chives and broth. Served chilled. We grow these behind the yard."
M-03,Farrow,4,"Braised fennel with lentils, dill and butter. Served hot. Ask about the bread."
M-03,Farrow,5,"Pickled hogget with potatoes, walnuts and oil. Served warm."
M-03,Farrow,6,"Pickled hogget with greens, walnuts and oil. Served hot. Ask about the bread. We grow these behind the yard."
M-03,Farrow,7,"Griddled beetroot with barley, watercress and butter. Served cold."
M-03,Farrow,8,"Griddled mackerel with lentils, seeds and honey. Served cold. Ask about the bread."
M-03,Farrow,9,"Pickled parsnips with lentils, capers and yoghurt. Served hot. We grow these behind the yard."
M-03,Farrow,10,"Roasted pheasant with samphire, hazelnuts and salsa. Served warm. Ask about the bread."
M-03,Farrow,11,"Smoked fennel with greens, chives and vinegar. Served hot."
M-03,Farrow,12,"Roasted plaice with barley, dill and mustard. Served warm. Ask about the bread. We grow these behind the yard."
M-03,Farrow,13,"Poached mackerel with potatoes, hazelnuts and salsa. Served warm."
M-03,Farrow,14,"Smoked pheasant with lentils, walnuts and cream. Served warm. Ask about the bread."
M-03,Farrow,15,"Smoked parsnips with chips, nuts and salsa. Served hot. We grow these behind the yard."
M-03,Farrow,16,"Braised mackerel with crisps, sorrel and gremolata. Served hot. Ask about the bread."
M-03,Farrow,17,"Roasted squash with chickpeas, anchovies and salsa. Served warm."
M-03,Farrow,18,"Poached hogget with dumplings, anchovies and honey. Served warm. Ask about the bread. We grow these behind the yard."
M-03,Farrow,19,"Griddled pheasant with barley, anchovies and cheese. Served hot."
M-03,Farrow,20,"Braised pheasant with lentils, dill and broth. Served warm. Ask about the bread."
M-03,Farrow,21,"Smoked beetroot with gnocchi, seeds and yoghurt. Served warm. We grow these behind the yard."
M-03,Farrow,22,"Poached cauliflower with lentils, hazelnuts and cream. Served hot. Ask about the bread."
M-03,Farrow,23,"Poached parsnips with potatoes, walnuts and yoghurt. Served hot."
M-03,Farrow,24,"Roasted squash with chickpeas, anchovies and honey. Served warm. Ask about the bread. We grow these behind the yard."
M-03,Farrow,25,"Griddled squash with cabbage, chives and cheese. Served cold."
M-03,Farrow,26,"Braised mackerel with potatoes, dill and yoghurt. Served warm. Ask about the bread."
M-03,Farrow,27,"Smoked celeriac with lentils, chervil and yoghurt. Served cold. We grow these behind the yard."
M-03,Farrow,28,"Poached hogget with lentils, capers and jus. Served warm. Ask about the bread."
M-03,Farrow,29,"Griddled squash with dumplings, watercress and harissa. Served warm."
M-03,Farrow,30,"Griddled parsnips with cabbage, pickles and salsa. Served warm. Ask about the bread. We grow these behind the yard."
M-03,Farrow,31,"Griddled trout with polenta, chives and aioli. Served warm."
M-03,Farrow,32,"Griddled chard with lentils, dill and cream. Served warm. Ask about the bread."
M-03,Farrow,33,"Braised celeriac with lentils, chives and cream. Served hot. We grow these behind the yard."
M-03,Farrow,34,"Griddled cauliflower with lentils, dill and butter. Served chilled. Ask about the bread."
M-03,Farrow,35,"Roasted cauliflower with samphire, herbs and cream. Served hot."
M-03,Farrow,36,"Poached beetroot with spelt, tarragon and yoghurt. Served hot. Ask about the bread. We grow these behind the yard."
M-04,Dunnett,1,"Roasted celeriac with lentils, walnuts and gremolata. Served cold."
M-04,Dunnett,2,"Smoked trout with lentils, radishes and pesto. Served warm. Ask about the bread."
M-04,Dunnett,3,"Smoked hogget with crisps, almonds and yoghurt. Served warm. My grandmother made it thicker."
M-04,Dunnett,4,"Poached hogget with lentils, olives and yoghurt. Served warm. Ask about the bread."
M-04,Dunnett,5,"Smoked celeriac with farro, hazelnuts and harissa. Served warm."
M-04,Dunnett,6,"Roasted squash with dumplings, almonds and cream. Served warm. Ask about the bread. My grandmother made it thicker."
M-04,Dunnett,7,"Roasted hogget with greens, hazelnuts and butter. Served warm."
M-04,Dunnett,8,"Roasted mackerel with lentils, dill and honey. Served hot. Ask about the bread."
M-04,Dunnett,9,"Poached plaice with lentils, olives and salsa. Served chilled. My grandmother made it thicker."
M-04,Dunnett,10,"Roasted fennel with dumplings, tarragon and harissa. Served warm. Ask about the bread."
M-04,Dunnett,11,"Griddled chard with barley, chives and oil. Served warm."
M-04,Dunnett,12,"Roasted pheasant with gnocchi, pickles and cheese. Served cold. Ask about the bread. My grandmother made it thicker."
M-04,Dunnett,13,"Braised celeriac with samphire, chives and cheese. Served warm."
M-04,Dunnett,14,"Smoked plaice with dumplings, hazelnuts and oil. Served warm. Ask about the bread."
M-04,Dunnett,15,"Poached celeriac with greens, sorrel and oil. Served warm. My grandmother made it thicker."
M-04,Dunnett,16,"Poached plaice with gnocchi, capers and harissa. Served warm. Ask about the bread."
M-04,Dunnett,17,"Roasted beetroot with rice, walnuts and aioli. Served warm."
M-04,Dunnett,18,"Pickled celeriac with barley, hazelnuts and gremolata. Served warm. Ask about the bread. My grandmother made it thicker."
M-04,Dunnett,19,"Griddled plaice with couscous, raisins and oil. Served warm."
M-04,Dunnett,20,"Roasted pheasant with polenta, anchovies and jus. Served warm. Ask about the bread."
M-04,Dunnett,21,"Poached trout with gnocchi, radishes and cheese. Served hot. My grandmother made it thicker."
M-04,Dunnett,22,"Poached celeriac with shallots, anchovies and cheese. Served warm. Ask about the bread."
M-04,Dunnett,23,"Smoked mackerel with lentils, hazelnuts and yoghurt. Served warm."
M-04,Dunnett,24,"Roasted cauliflower with chips, raisins and butter. Served hot. Ask about the bread. My grandmother made it thicker."
M-04,Dunnett,25,"Poached hogget with lentils, radishes and cream. Served warm."
M-04,Dunnett,26,"Braised hogget with lentils, hazelnuts and jus. Served warm. Ask about the bread."
M-04,Dunnett,27,"Braised chard with polenta, anchovies and cream. Served chilled. My grandmother made it thicker."
M-04,Dunnett,28,"Griddled plaice with polenta, walnuts and harissa. Served warm. Ask about the bread."
M-04,Dunnett,29,"Pickled mackerel with lentils, walnuts and aioli. Served warm."
M-04,Dunnett,30,"Poached plaice with lentils, dill and butter. Served warm. Ask about the bread. My grandmother made it thicker."
M-04,Dunnett,31,"Griddled parsnips with shallots, dill and honey. Served warm."
M-04,Dunnett,32,"Smoked chard with lentils, capers and mustard. Served warm. Ask about the bread."
M-04,Dunnett,33,"Pickled pheasant with lentils, watercress and oil. Served hot. My grandmother made it thicker."
M-04,Dunnett,34,"Poached pheasant with chickpeas, capers and honey. Served warm. Ask about the bread."
M-04,Dunnett,35,"Smoked pheasant with farro, sorrel and cheese. Served chilled."
M-04,Dunnett,36,"Griddled pheasant with lentils, anchovies and aioli. Served warm. Ask about the bread. My grandmother made it thicker."
M-05,Pike,1,"Roasted mackerel with mash, sorrel and cream. Served hot."
M-05,Pike,2,"Roasted fennel with lentils, chives and harissa. Served warm. Ask about the bread."
M-05,Pike,3,"Roasted squash with barley, chervil and cream. Served hot. Do not ask for ketchup."
M-05,Pike,4,"Roasted cauliflower with barley, radishes and salsa. Served warm. Ask about the bread."
M-05,Pike,5,"Smoked mackerel with farro, hazelnuts and butter. Served warm."
M-05,Pike,6,"Pickled fennel with lentils, seeds and butter. Served warm. Ask about the bread. Do not ask for ketchup."
M-05,Pike,7,"Roasted plaice with lentils, tarragon and butter. Served warm."
M-05,Pike,8,"Griddled pheasant with greens, almonds and oil. Served warm. Ask about the bread."
M-05,Pike,9,"Griddled hogget with polenta, olives and cream. Served hot. Do not ask for ketchup."
M-05,Pike,10,"Poached squash with samphire, hazelnuts and cream. Served cold. Ask about the bread."
M-05,Pike,11,"Braised pheasant with gnocchi, olives and honey. Served hot."
M-05,Pike,12,"Poached cauliflower with lentils, olives and cheese. Served warm. Ask about the bread. Do not ask for ketchup."
M-05,Pike,13,"Griddled parsnips with dumplings, capers and vinegar. Served warm."
M-05,Pike,14,"Roasted squash with chickpeas, chives and gremolata. Served cold. Ask about the bread."
M-05,Pike,15,"Roasted trout with couscous, chives and mustard. Served warm. Do not ask for ketchup."
M-05,Pike,16,"Poached pheasant with potatoes, herbs and cream. Served warm. Ask about the bread."
M-05,Pike,17,"Poached plaice with lentils, tarragon and salsa. Served warm."
M-05,Pike,18,"Braised squash with chickpeas, hazelnuts and vinegar. Served warm. Ask about the bread. Do not ask for ketchup."
M-05,Pike,19,"Griddled fennel with orzo, tarragon and cheese. Served chilled."
M-05,Pike,20,"Roasted squash with lentils, chives and oil. Served warm. Ask about the bread."
M-05,Pike,21,"Roasted celeriac with chips, chives and harissa. Served warm. Do not ask for ketchup."
M-05,Pike,22,"Braised trout with beans, dill and cream. Served warm. Ask about the bread."
M-05,Pike,23,"Griddled pheasant with barley, chives and honey. Served hot."
M-05,Pike,24,"Roasted celeriac with beans, almonds and cream. Served cold. Ask about the bread. Do not ask for ketchup."
M-05,Pike,25,"Roasted plaice with polenta, olives and butter. Served hot."
M-05,Pike,26,"Poached mackerel with barley, hazelnuts and cream. Served warm. Ask about the bread."
M-05,Pike,27,"Roasted parsnips with spelt, almonds and harissa. Served warm. Do not ask for ketchup."
M-05,Pike,28,"Roasted beetroot with greens, tarragon and cheese. Served warm. Ask about the bread."
M-05,Pike,29,"Braised mackerel with polenta, dill and yoghurt. Served warm."
M-05,Pike,30,"Braised celeriac with lentils, dill and cream. Served warm. Ask about the bread. Do not ask for ketchup."
M-05,Pike,31,"Griddled chard with lentils, tarragon and honey. Served chilled."
M-05,Pike,32,"Roasted hogget with couscous, dill and cream. Served warm. Ask about the bread."
M-05,Pike,33,"Braised plaice with chips, nuts and yoghurt. Served hot. Do not ask for ketchup."
M-05,Pike,34,"Roasted parsnips with lentils, radishes and broth. Served hot. Ask about the bread."
M-05,Pike,35,"Poached plaice with lentils, almonds and oil. Served warm."
M-05,Pike,36,"Roasted chard with couscous, walnuts and jus. Served warm. Ask about the bread. Do not ask for ketchup."
M-06,Sarre,1,"Griddled fennel with orzo, capers and cream. Served warm."
M-06,Sarre,2,"Griddled celeriac with polenta, hazelnuts and cream. Served cold. Ask about the bread."
M-06,Sarre,3,"Griddled celeriac with polenta, almonds and cheese. Served warm. The recipe came from a ferry."
M-06,Sarre,4,"Poached chard with potatoes, chives and mustard. Served warm. Ask about the bread."
M-06,Sarre,5,"Braised hogget with crisps, chervil and broth. Served warm."
M-06,Sarre,6,"Poached cauliflower with lentils, currants and honey. Served warm. Ask about the bread. The recipe came from a ferry."
M-06,Sarre,7,"Braised pheasant with chickpeas, walnuts and cheese. Served hot."
M-06,Sarre,8,"Pickled mackerel with chips, capers and butter. Served warm. Ask about the bread."
M-06,Sarre,9,"Poached squash with polenta, currants and pesto. Served hot. The recipe came from a ferry."
M-06,Sarre,10,"Braised fennel with lentils, seeds and aioli. Served warm. Ask about the bread."
M-06,Sarre,11,"Griddled trout with lentils, seeds and jus. Served warm."
M-06,Sarre,12,"Griddled squash with lentils, capers and gremolata. Served chilled. Ask about the bread. The recipe came from a ferry."
M-06,Sarre,13,"Pickled trout with lentils, chives and jus. Served warm."
M-06,Sarre,14,"Roasted mackerel with greens, herbs and butter. Served hot. Ask about the bread."
M-06,Sarre,15,"Braised beetroot with chickpeas, capers and butter. Served warm. The recipe came from a ferry."
M-06,Sarre,16,"Braised plaice with lentils, sorrel and yoghurt. Served warm. Ask about the bread."
M-06,Sarre,17,"Pickled squash with polenta, anchovies and yoghurt. Served cold."
M-06,Sarre,18,"Pickled fennel with barley, dill and cream. Served warm. Ask about the bread. The recipe came from a ferry."
M-06,Sarre,19,"Griddled chard with samphire, seeds and yoghurt. Served warm."
M-06,Sarre,20,"Braised trout with chips, capers and butter. Served warm. Ask about the bread."
M-06,Sarre,21,"Griddled celeriac with spelt, dill and cream. Served hot. The recipe came from a ferry."
M-06,Sarre,22,"Braised beetroot with beans, almonds and oil. Served warm. Ask about the bread."
M-06,Sarre,23,"Roasted hogget with rice, tarragon and vinegar. Served hot."
M-06,Sarre,24,"Braised parsnips with barley, tarragon and salsa. Served cold. Ask about the bread. The recipe came from a ferry."
M-06,Sarre,25,"Roasted squash with cabbage, walnuts and honey. Served hot."
M-06,Sarre,26,"Roasted mackerel with shallots, raisins and aioli. Served hot. Ask about the bread."
M-06,Sarre,27,"Smoked hogget with potatoes, dill and butter. Served cold. The recipe came from a ferry."
M-06,Sarre,28,"Pickled celeriac with barley, dill and cheese. Served warm. Ask about the bread."
M-06,Sarre,29,"Poached beetroot with cabbage, almonds and gremolata. Served warm."
M-06,Sarre,30,"Griddled chard with lentils, leaves and pesto. Served warm. Ask about the bread. The recipe came from a ferry."
M-06,Sarre,31,"Roasted parsnips with shallots, currants and salsa. Served hot."
M-06,Sarre,32,"Poached celeriac with lentils, hazelnuts and cheese. Served hot. Ask about the bread."
M-06,Sarre,33,"Griddled squash with polenta, capers and oil. Served hot. The recipe came from a ferry."
M-06,Sarre,34,"Braised celeriac with lentils, hazelnuts and honey. Served hot. Ask about the bread."
M-06,Sarre,35,"Roasted celeriac with barley, anchovies and honey. Served warm."
M-06,Sarre,36,"Griddled plaice with orzo, leaves and vinegar. Served chilled. Ask about the bread. The recipe came from a ferry."
M-07,Lowry,1,"Poached squash with spelt, raisins and yoghurt. Served hot."
M-07,Lowry,2,"Pickled hogget with lentils, pickles and cream. Served warm. Ask about the bread."
M-07,Lowry,3,"Smoked squash with shallots, currants and cheese. Served warm. This one sells out by noon."
M-07,Lowry,4,"Pickled cauliflower with spelt, hazelnuts and cheese. Served warm. Ask about the bread."
M-07,Lowry,5,"Pickled trout with beans, hazelnuts and mustard. Served warm."
M-07,Lowry,6,"Pickled celeriac with lentils, sorrel and harissa. Served hot. Ask about the bread. This one sells out by noon."
M-07,Lowry,7,"Smoked cauliflower with gnocchi, raisins and cheese. Served warm."
M-07,Lowry,8,"Poached chard with barley, hazelnuts and cream. Served hot. Ask about the bread."
M-07,Lowry,9,"Roasted chard with beans, hazelnuts and honey. Served hot. This one sells out by noon."
M-07,Lowry,10,"Smoked hogget with barley, leaves and pesto. Served chilled. Ask about the bread."
M-07,Lowry,11,"Poached beetroot with chickpeas, chives and cheese. Served hot."
M-07,Lowry,12,"Poached cauliflower with farro, chives and gremolata. Served warm. Ask about the bread. This one sells out by noon."
M-07,Lowry,13,"Braised mackerel with lentils, hazelnuts and cheese. Served warm."
M-07,Lowry,14,"Griddled hogget with potatoes, watercress and salsa. Served warm. Ask about the bread."
M-07,Lowry,15,"Griddled trout with samphire, dill and yoghurt. Served warm. This one sells out by noon."
M-07,Lowry,16,"Pickled mackerel with polenta, leaves and oil. Served warm. Ask about the bread."
M-07,Lowry,17,"Poached squash with lentils, chives and salsa. Served warm."
M-07,Lowry,18,"Braised chard with lentils, leaves and gremolata. Served hot. Ask about the bread. This one sells out by noon."
M-07,Lowry,19,"Roasted chard with couscous, nuts and cheese. Served warm."
M-07,Lowry,20,"Roasted squash with rice, sorrel and cream. Served cold. Ask about the bread."
M-07,Lowry,21,"Roasted celeriac with polenta, capers and vinegar. Served warm. This one sells out by noon."
M-07,Lowry,22,"Pickled parsnips with couscous, capers and cheese. Served warm. Ask about the bread."
M-07,Lowry,23,"Pickled plaice with farro, herbs and cream. Served hot."
M-07,Lowry,24,"Smoked squash with potatoes, capers and oil. Served warm. Ask about the bread. This one sells out by noon."
M-07,Lowry,25,"Griddled chard with polenta, watercress and vinegar. Served warm."
M-07,Lowry,26,"Poached pheasant with lentils, herbs and cheese. Served warm. Ask about the bread."
M-07,Lowry,27,"Braised mackerel with mash, capers and aioli. Served cold. This one sells out by noon."
M-07,Lowry,28,"Braised parsnips with lentils, walnuts and yoghurt. Served hot. Ask about the bread."
M-07,Lowry,29,"Pickled chard with chickpeas, raisins and gremolata. Served cold."
M-07,Lowry,30,"Roasted parsnips with lentils, hazelnuts and harissa. Served hot. Ask about the bread. This one sells out by noon."
M-07,Lowry,31,"Roasted celeriac with polenta, herbs and cream. Served warm."
M-07,Lowry,32,"Roasted squash with lentils, walnuts and oil. Served chilled. Ask about the bread."
M-07,Lowry,33,"Poached celeriac with lentils, chives and cheese. Served warm. This one sells out by noon."
M-07,Lowry,34,"Roasted celeriac with lentils, watercress and oil. Served hot. Ask about the bread."
M-07,Lowry,35,"Smoked mackerel with lentils, olives and gremolata. Served warm."
M-07,Lowry,36,"Roasted celeriac with crisps, sorrel and jus. Served hot. Ask about the bread. This one sells out by noon."
M-08,Threlfall,1,"Griddled mackerel with chickpeas, hazelnuts and mustard. Served warm."
M-08,Threlfall,2,"Griddled mackerel with spelt, olives and yoghurt. Served warm. Ask about the bread."
M-08,Threlfall,3,"Roasted fennel with beans, dill and cream. Served warm. The herbs are cut each morning."
M-08,Threlfall,4,"Smoked trout with lentils, anchovies and gremolata. Served hot. Ask about the bread."
M-08,Threlfall,5,"Pickled cauliflower with lentils, chives and cheese. Served warm."
M-08,Threlfall,6,"Roasted hogget with polenta, leaves and cheese. Served warm. Ask about the bread. The herbs are cut each morning."
M-08,Threlfall,7,"Roasted celeriac with lentils, hazelnuts and cheese. Served warm."
M-08,Threlfall,8,"Pickled pheasant with greens, seeds and mustard. Served chilled. Ask about the bread."
M-08,Threlfall,9,"Smoked chard with spelt, radishes and cream. Served warm. The herbs are cut each morning."
M-08,Threlfall,10,"Poached celeriac with barley, currants and cheese. Served warm. Ask about the bread."
M-08,Threlfall,11,"Roasted mackerel with lentils, hazelnuts and vinegar. Served cold."
M-08,Threlfall,12,"Roasted plaice with barley, anchovies and pesto. Served warm. Ask about the bread. The herbs are cut each morning."
M-08,Threlfall,13,"Roasted cauliflower with greens, capers and pesto. Served cold."
M-08,Threlfall,14,"Pickled beetroot with potatoes, anchovies and oil. Served warm. Ask about the bread."
M-08,Threlfall,15,"Smoked squash with cabbage, dill and cream. Served cold. The herbs are cut each morning."
M-08,Threlfall,16,"Griddled celeriac with lentils, hazelnuts and cheese. Served chilled. Ask about the bread."
M-08,Threlfall,17,"Braised hogget with crisps, chives and mustard. Served warm."
M-08,Threlfall,18,"Griddled plaice with polenta, capers and vinegar. Served warm. Ask about the bread. The herbs are cut each morning."
M-08,Threlfall,19,"Poached hogget with greens, capers and aioli. Served hot."
M-08,Threlfall,20,"Griddled parsnips with spelt, pickles and gremolata. Served warm. Ask about the bread."
M-08,Threlfall,21,"Pickled pheasant with barley, sorrel and butter. Served warm. The herbs are cut each morning."
M-08,Threlfall,22,"Braised mackerel with chickpeas, chives and yoghurt. Served warm. Ask about the bread."
M-08,Threlfall,23,"Smoked beetroot with barley, raisins and aioli. Served warm."
M-08,Threlfall,24,"Griddled trout with samphire, capers and jus. Served cold. Ask about the bread. The herbs are cut each morning."
M-08,Threlfall,25,"Griddled beetroot with cabbage, hazelnuts and gremolata. Served warm."
M-08,Threlfall,26,"Poached parsnips with couscous, radishes and broth. Served cold. Ask about the bread."
M-08,Threlfall,27,"Griddled fennel with greens, almonds and butter. Served warm. The herbs are cut each morning."
M-08,Threlfall,28,"Roasted trout with greens, raisins and oil. Served hot. Ask about the bread."
M-08,Threlfall,29,"Griddled pheasant with beans, currants and yoghurt. Served warm."
M-08,Threlfall,30,"Poached squash with lentils, chives and vinegar. Served warm. Ask about the bread. The herbs are cut each morning."
M-08,Threlfall,31,"Smoked pheasant with gnocchi, chervil and cream. Served warm."
M-08,Threlfall,32,"Smoked mackerel with beans, anchovies and mustard. Served warm. Ask about the bread."
M-08,Threlfall,33,"Poached fennel with lentils, sorrel and cheese. Served warm. The herbs are cut each morning."
M-08,Threlfall,34,"Smoked parsnips with lentils, sorrel and jus. Served warm. Ask about the bread."
M-08,Threlfall,35,"Griddled celeriac with barley, olives and yoghurt. Served warm."
M-08,Threlfall,36,"Braised squash with lentils, herbs and jus. Served warm. Ask about the bread. The herbs are cut each morning."
