bath,bath_type,pair,parameter,replicate,value
plunge_glacier,cold_plunge,,temperature_C,1,10.455
plunge_glacier,cold_plunge,,temperature_C,2,8.482
plunge_glacier,cold_plunge,,temperature_C,3,9.114
plunge_glacier,cold_plunge,,temperature_C,4,9.377
plunge_glacier,cold_plunge,,temperature_C,5,9.458
plunge_glacier,cold_plunge,,temperature_C,6,9.917
plunge_glacier,cold_plunge,,temperature_C,7,9.543
plunge_glacier,cold_plunge,,temperature_C,8,9.508
plunge_glacier,cold_plunge,,temperature_C,9,9.15
plunge_glacier,cold_plunge,,temperature_C,10,9.999
plunge_glacier,cold_plunge,,temperature_C,11,8.22
plunge_glacier,cold_plunge,,temperature_C,12,9.702
plunge_glacier,cold_plunge,,pH,1,7.525
plunge_glacier,cold_plunge,,pH,2,7.37
plunge_glacier,cold_plunge,,pH,3,7.505
plunge_glacier,cold_plunge,,pH,4,7.489
plunge_glacier,cold_plunge,,pH,5,7.504
plunge_glacier,cold_plunge,,pH,6,7.476
plunge_glacier,cold_plunge,,pH,7,7.501
plunge_glacier,cold_plunge,,pH,8,7.412
plunge_glacier,cold_plunge,,pH,9,7.472
plunge_glacier,cold_plunge,,pH,10,7.482
plunge_glacier,cold_plunge,,pH,11,7.54
plunge_glacier,cold_plunge,,pH,12,7.509
plunge_glacier,cold_plunge,,salinity_ppt,1,0.438
plunge_glacier,cold_plunge,,salinity_ppt,2,0.363
plunge_glacier,cold_plunge,,salinity_ppt,3,0.426
plunge_glacier,cold_plunge,,salinity_ppt,4,0.393
plunge_glacier,cold_plunge,,salinity_ppt,5,0.341
plunge_glacier,cold_plunge,,salinity_ppt,6,0.437
plunge_glacier,cold_plunge,,salinity_ppt,7,0.45
plunge_glacier,cold_plunge,,salinity_ppt,8,0.483
plunge_glacier,cold_plunge,,salinity_ppt,9,0.358
plunge_glacier,cold_plunge,,salinity_ppt,10,0.411
plunge_glacier,cold_plunge,,salinity_ppt,11,0.36
plunge_glacier,cold_plunge,,salinity_ppt,12,0.356
plunge_glacier,cold_plunge,,free_chlorine_ppm,1,1.776
plunge_glacier,cold_plunge,,free_chlorine_ppm,2,1.995
plunge_glacier,cold_plunge,,free_chlorine_ppm,3,1.771
plunge_glacier,cold_plunge,,free_chlorine_ppm,4,2.354
plunge_glacier,cold_plunge,,free_chlorine_ppm,5,2.423
plunge_glacier,cold_plunge,,free_chlorine_ppm,6,2.089
plunge_glacier,cold_plunge,,free_chlorine_ppm,7,2.219
plunge_glacier,cold_plunge,,free_chlorine_ppm,8,1.836
plunge_glacier,cold_plunge,,free_chlorine_ppm,9,1.954
plunge_glacier,cold_plunge,,free_chlorine_ppm,10,2.26
plunge_glacier,cold_plunge,,free_chlorine_ppm,11,2.27
plunge_glacier,cold_plunge,,free_chlorine_ppm,12,1.772
plunge_glacier,cold_plunge,,calcium_hardness_ppm,1,168.336
plunge_glacier,cold_plunge,,calcium_hardness_ppm,2,195.291
plunge_glacier,cold_plunge,,calcium_hardness_ppm,3,167.071
plunge_glacier,cold_plunge,,calcium_hardness_ppm,4,172.966
plunge_glacier,cold_plunge,,calcium_hardness_ppm,5,184.674
plunge_glacier,cold_plunge,,calcium_hardness_ppm,6,157.581
plunge_glacier,cold_plunge,,calcium_hardness_ppm,7,194.064
plunge_glacier,cold_plunge,,calcium_hardness_ppm,8,155.816
plunge_glacier,cold_plunge,,calcium_hardness_ppm,9,167.87
plunge_glacier,cold_plunge,,calcium_hardness_ppm,10,173.648
plunge_glacier,cold_plunge,,calcium_hardness_ppm,11,170.357
plunge_glacier,cold_plunge,,calcium_hardness_ppm,12,219.034
plunge_glacier,cold_plunge,,total_alkalinity_ppm,1,92.833
plunge_glacier,cold_plunge,,total_alkalinity_ppm,2,91.503
plunge_glacier,cold_plunge,,total_alkalinity_ppm,3,87.123
plunge_glacier,cold_plunge,,total_alkalinity_ppm,4,109.866
plunge_glacier,cold_plunge,,total_alkalinity_ppm,5,91.941
plunge_glacier,cold_plunge,,total_alkalinity_ppm,6,85.798
plunge_glacier,cold_plunge,,total_alkalinity_ppm,7,96.728
plunge_glacier,cold_plunge,,total_alkalinity_ppm,8,98.242
plunge_glacier,cold_plunge,,total_alkalinity_ppm,9,85.158
plunge_glacier,cold_plunge,,total_alkalinity_ppm,10,94.083
plunge_glacier,cold_plunge,,total_alkalinity_ppm,11,102.839
plunge_glacier,cold_plunge,,total_alkalinity_ppm,12,90.465
plunge_glacier,cold_plunge,,total_dissolved_solids_ppm,1,649.416
plunge_glacier,cold_plunge,,total_dissolved_solids_ppm,2,588.062
plunge_glacier,cold_plunge,,total_dissolved_solids_ppm,3,587.066
plunge_glacier,cold_plunge,,total_dissolved_solids_ppm,4,572.248
plunge_glacier,cold_plunge,,total_dissolved_solids_ppm,5,509.371
plunge_glacier,cold_plunge,,total_dissolved_solids_ppm,6,583.564
plunge_glacier,cold_plunge,,total_dissolved_solids_ppm,7,566.622
plunge_glacier,cold_plunge,,total_dissolved_solids_ppm,8,423.002
plunge_glacier,cold_plunge,,total_dissolved_solids_ppm,9,606.603
plunge_glacier,cold_plunge,,total_dissolved_solids_ppm,10,607.219
plunge_glacier,cold_plunge,,total_dissolved_solids_ppm,11,569.328
plunge_glacier,cold_plunge,,total_dissolved_solids_ppm,12,575.676
plunge_glacier,cold_plunge,,turbidity_NTU,1,0.368
plunge_glacier,cold_plunge,,turbidity_NTU,2,0.472
plunge_glacier,cold_plunge,,turbidity_NTU,3,0.402
plunge_glacier,cold_plunge,,turbidity_NTU,4,0.333
plunge_glacier,cold_plunge,,turbidity_NTU,5,0.294
plunge_glacier,cold_plunge,,turbidity_NTU,6,0.295
plunge_glacier,cold_plunge,,turbidity_NTU,7,0.431
plunge_glacier,cold_plunge,,turbidity_NTU,8,0.3
plunge_glacier,cold_plunge,,turbidity_NTU,9,0.376
plunge_glacier,cold_plunge,,turbidity_NTU,10,0.452
plunge_glacier,cold_plunge,,turbidity_NTU,11,0.424
plunge_glacier,cold_plunge,,turbidity_NTU,12,0.428
plunge_fjord,cold_plunge,,temperature_C,1,11.373
plunge_fjord,cold_plunge,,temperature_C,2,11.145
plunge_fjord,cold_plunge,,temperature_C,3,11.97
plunge_fjord,cold_plunge,,temperature_C,4,11.291
plunge_fjord,cold_plunge,,temperature_C,5,11.629
plunge_fjord,cold_plunge,,temperature_C,6,10.647
plunge_fjord,cold_plunge,,temperature_C,7,11.089
plunge_fjord,cold_plunge,,temperature_C,8,11.482
plunge_fjord,cold_plunge,,temperature_C,9,11.551
plunge_fjord,cold_plunge,,temperature_C,10,10.679
plunge_fjord,cold_plunge,,temperature_C,11,11.435
plunge_fjord,cold_plunge,,temperature_C,12,11.153
plunge_fjord,cold_plunge,,pH,1,7.472
plunge_fjord,cold_plunge,,pH,2,7.372
plunge_fjord,cold_plunge,,pH,3,7.561
plunge_fjord,cold_plunge,,pH,4,7.476
plunge_fjord,cold_plunge,,pH,5,7.528
plunge_fjord,cold_plunge,,pH,6,7.49
plunge_fjord,cold_plunge,,pH,7,7.445
plunge_fjord,cold_plunge,,pH,8,7.522
plunge_fjord,cold_plunge,,pH,9,7.427
plunge_fjord,cold_plunge,,pH,10,7.478
plunge_fjord,cold_plunge,,pH,11,7.396
plunge_fjord,cold_plunge,,pH,12,7.497
plunge_fjord,cold_plunge,,salinity_ppt,1,0.411
plunge_fjord,cold_plunge,,salinity_ppt,2,0.448
plunge_fjord,cold_plunge,,salinity_ppt,3,0.396
plunge_fjord,cold_plunge,,salinity_ppt,4,0.396
plunge_fjord,cold_plunge,,salinity_ppt,5,0.403
plunge_fjord,cold_plunge,,salinity_ppt,6,0.364
plunge_fjord,cold_plunge,,salinity_ppt,7,0.33
plunge_fjord,cold_plunge,,salinity_ppt,8,0.282
plunge_fjord,cold_plunge,,salinity_ppt,9,0.425
plunge_fjord,cold_plunge,,salinity_ppt,10,0.463
plunge_fjord,cold_plunge,,salinity_ppt,11,0.455
plunge_fjord,cold_plunge,,salinity_ppt,12,0.359
plunge_fjord,cold_plunge,,free_chlorine_ppm,1,1.556
plunge_fjord,cold_plunge,,free_chlorine_ppm,2,2.029
plunge_fjord,cold_plunge,,free_chlorine_ppm,3,2.154
plunge_fjord,cold_plunge,,free_chlorine_ppm,4,2.011
plunge_fjord,cold_plunge,,free_chlorine_ppm,5,1.653
plunge_fjord,cold_plunge,,free_chlorine_ppm,6,2.153
plunge_fjord,cold_plunge,,free_chlorine_ppm,7,1.799
plunge_fjord,cold_plunge,,free_chlorine_ppm,8,2.135
plunge_fjord,cold_plunge,,free_chlorine_ppm,9,2.207
plunge_fjord,cold_plunge,,free_chlorine_ppm,10,1.748
plunge_fjord,cold_plunge,,free_chlorine_ppm,11,2.141
plunge_fjord,cold_plunge,,free_chlorine_ppm,12,2.554
plunge_fjord,cold_plunge,,calcium_hardness_ppm,1,200.662
plunge_fjord,cold_plunge,,calcium_hardness_ppm,2,169.553
plunge_fjord,cold_plunge,,calcium_hardness_ppm,3,200.428
plunge_fjord,cold_plunge,,calcium_hardness_ppm,4,174.032
plunge_fjord,cold_plunge,,calcium_hardness_ppm,5,201.057
plunge_fjord,cold_plunge,,calcium_hardness_ppm,6,200.665
plunge_fjord,cold_plunge,,calcium_hardness_ppm,7,169.221
plunge_fjord,cold_plunge,,calcium_hardness_ppm,8,158.869
plunge_fjord,cold_plunge,,calcium_hardness_ppm,9,169.087
plunge_fjord,cold_plunge,,calcium_hardness_ppm,10,204.393
plunge_fjord,cold_plunge,,calcium_hardness_ppm,11,159.906
plunge_fjord,cold_plunge,,calcium_hardness_ppm,12,177.156
plunge_fjord,cold_plunge,,total_alkalinity_ppm,1,98.664
plunge_fjord,cold_plunge,,total_alkalinity_ppm,2,82.189
plunge_fjord,cold_plunge,,total_alkalinity_ppm,3,96.268
plunge_fjord,cold_plunge,,total_alkalinity_ppm,4,103.977
plunge_fjord,cold_plunge,,total_alkalinity_ppm,5,100.683
plunge_fjord,cold_plunge,,total_alkalinity_ppm,6,83.305
plunge_fjord,cold_plunge,,total_alkalinity_ppm,7,97.252
plunge_fjord,cold_plunge,,total_alkalinity_ppm,8,80.749
plunge_fjord,cold_plunge,,total_alkalinity_ppm,9,87.521
plunge_fjord,cold_plunge,,total_alkalinity_ppm,10,100.317
plunge_fjord,cold_plunge,,total_alkalinity_ppm,11,111.223
plunge_fjord,cold_plunge,,total_alkalinity_ppm,12,81.762
plunge_fjord,cold_plunge,,total_dissolved_solids_ppm,1,517.129
plunge_fjord,cold_plunge,,total_dissolved_solids_ppm,2,600.299
plunge_fjord,cold_plunge,,total_dissolved_solids_ppm,3,537.09
plunge_fjord,cold_plunge,,total_dissolved_solids_ppm,4,468.728
plunge_fjord,cold_plunge,,total_dissolved_solids_ppm,5,673.488
plunge_fjord,cold_plunge,,total_dissolved_solids_ppm,6,677.658
plunge_fjord,cold_plunge,,total_dissolved_solids_ppm,7,643.87
plunge_fjord,cold_plunge,,total_dissolved_solids_ppm,8,562.82
plunge_fjord,cold_plunge,,total_dissolved_solids_ppm,9,682.047
plunge_fjord,cold_plunge,,total_dissolved_solids_ppm,10,708.322
plunge_fjord,cold_plunge,,total_dissolved_solids_ppm,11,514.937
plunge_fjord,cold_plunge,,total_dissolved_solids_ppm,12,535.16
plunge_fjord,cold_plunge,,turbidity_NTU,1,0.218
plunge_fjord,cold_plunge,,turbidity_NTU,2,0.424
plunge_fjord,cold_plunge,,turbidity_NTU,3,0.319
plunge_fjord,cold_plunge,,turbidity_NTU,4,0.219
plunge_fjord,cold_plunge,,turbidity_NTU,5,0.358
plunge_fjord,cold_plunge,,turbidity_NTU,6,0.413
plunge_fjord,cold_plunge,,turbidity_NTU,7,0.362
plunge_fjord,cold_plunge,,turbidity_NTU,8,0.401
plunge_fjord,cold_plunge,,turbidity_NTU,9,0.283
plunge_fjord,cold_plunge,,turbidity_NTU,10,0.324
plunge_fjord,cold_plunge,,turbidity_NTU,11,0.415
plunge_fjord,cold_plunge,,turbidity_NTU,12,0.363
brine_north,saltwater_bath,,temperature_C,1,27.818
brine_north,saltwater_bath,,temperature_C,2,28.226
brine_north,saltwater_bath,,temperature_C,3,27.614
brine_north,saltwater_bath,,temperature_C,4,27.858
brine_north,saltwater_bath,,temperature_C,5,28.925
brine_north,saltwater_bath,,temperature_C,6,26.886
brine_north,saltwater_bath,,temperature_C,7,28.077
brine_north,saltwater_bath,,temperature_C,8,28.145
brine_north,saltwater_bath,,temperature_C,9,28.403
brine_north,saltwater_bath,,temperature_C,10,29.17
brine_north,saltwater_bath,,temperature_C,11,29.006
brine_north,saltwater_bath,,temperature_C,12,28.406
brine_north,saltwater_bath,,pH,1,7.781
brine_north,saltwater_bath,,pH,2,7.911
brine_north,saltwater_bath,,pH,3,7.822
brine_north,saltwater_bath,,pH,4,7.89
brine_north,saltwater_bath,,pH,5,7.909
brine_north,saltwater_bath,,pH,6,7.836
brine_north,saltwater_bath,,pH,7,7.888
brine_north,saltwater_bath,,pH,8,7.976
brine_north,saltwater_bath,,pH,9,7.9
brine_north,saltwater_bath,,pH,10,7.843
brine_north,saltwater_bath,,pH,11,7.804
brine_north,saltwater_bath,,pH,12,7.786
brine_north,saltwater_bath,,salinity_ppt,1,37.793
brine_north,saltwater_bath,,salinity_ppt,2,32.644
brine_north,saltwater_bath,,salinity_ppt,3,32.041
brine_north,saltwater_bath,,salinity_ppt,4,31.675
brine_north,saltwater_bath,,salinity_ppt,5,34.33
brine_north,saltwater_bath,,salinity_ppt,6,31.091
brine_north,saltwater_bath,,salinity_ppt,7,32.843
brine_north,saltwater_bath,,salinity_ppt,8,33.007
brine_north,saltwater_bath,,salinity_ppt,9,31.716
brine_north,saltwater_bath,,salinity_ppt,10,33.508
brine_north,saltwater_bath,,salinity_ppt,11,31.456
brine_north,saltwater_bath,,salinity_ppt,12,38.944
brine_north,saltwater_bath,,free_chlorine_ppm,1,1.718
brine_north,saltwater_bath,,free_chlorine_ppm,2,1.35
brine_north,saltwater_bath,,free_chlorine_ppm,3,2.02
brine_north,saltwater_bath,,free_chlorine_ppm,4,1.707
brine_north,saltwater_bath,,free_chlorine_ppm,5,1.663
brine_north,saltwater_bath,,free_chlorine_ppm,6,1.551
brine_north,saltwater_bath,,free_chlorine_ppm,7,1.705
brine_north,saltwater_bath,,free_chlorine_ppm,8,1.46
brine_north,saltwater_bath,,free_chlorine_ppm,9,1.547
brine_north,saltwater_bath,,free_chlorine_ppm,10,1.964
brine_north,saltwater_bath,,free_chlorine_ppm,11,1.348
brine_north,saltwater_bath,,free_chlorine_ppm,12,1.287
brine_north,saltwater_bath,,calcium_hardness_ppm,1,250.181
brine_north,saltwater_bath,,calcium_hardness_ppm,2,245.026
brine_north,saltwater_bath,,calcium_hardness_ppm,3,227.307
brine_north,saltwater_bath,,calcium_hardness_ppm,4,224.923
brine_north,saltwater_bath,,calcium_hardness_ppm,5,211.707
brine_north,saltwater_bath,,calcium_hardness_ppm,6,240.194
brine_north,saltwater_bath,,calcium_hardness_ppm,7,232.444
brine_north,saltwater_bath,,calcium_hardness_ppm,8,235.312
brine_north,saltwater_bath,,calcium_hardness_ppm,9,270.727
brine_north,saltwater_bath,,calcium_hardness_ppm,10,225.202
brine_north,saltwater_bath,,calcium_hardness_ppm,11,267.171
brine_north,saltwater_bath,,calcium_hardness_ppm,12,241.433
brine_north,saltwater_bath,,total_alkalinity_ppm,1,117.808
brine_north,saltwater_bath,,total_alkalinity_ppm,2,112.462
brine_north,saltwater_bath,,total_alkalinity_ppm,3,104.339
brine_north,saltwater_bath,,total_alkalinity_ppm,4,93.768
brine_north,saltwater_bath,,total_alkalinity_ppm,5,116.461
brine_north,saltwater_bath,,total_alkalinity_ppm,6,106.78
brine_north,saltwater_bath,,total_alkalinity_ppm,7,133.307
brine_north,saltwater_bath,,total_alkalinity_ppm,8,121.508
brine_north,saltwater_bath,,total_alkalinity_ppm,9,104.364
brine_north,saltwater_bath,,total_alkalinity_ppm,10,115.425
brine_north,saltwater_bath,,total_alkalinity_ppm,11,127.311
brine_north,saltwater_bath,,total_alkalinity_ppm,12,118.886
brine_north,saltwater_bath,,total_dissolved_solids_ppm,1,35394.003
brine_north,saltwater_bath,,total_dissolved_solids_ppm,2,32560.26
brine_north,saltwater_bath,,total_dissolved_solids_ppm,3,32199.234
brine_north,saltwater_bath,,total_dissolved_solids_ppm,4,34726.516
brine_north,saltwater_bath,,total_dissolved_solids_ppm,5,34623.15
brine_north,saltwater_bath,,total_dissolved_solids_ppm,6,32757.194
brine_north,saltwater_bath,,total_dissolved_solids_ppm,7,33753.004
brine_north,saltwater_bath,,total_dissolved_solids_ppm,8,33296.64
brine_north,saltwater_bath,,total_dissolved_solids_ppm,9,34382.912
brine_north,saltwater_bath,,total_dissolved_solids_ppm,10,33942.16
brine_north,saltwater_bath,,total_dissolved_solids_ppm,11,31819.287
brine_north,saltwater_bath,,total_dissolved_solids_ppm,12,32744.191
brine_north,saltwater_bath,,turbidity_NTU,1,0.764
brine_north,saltwater_bath,,turbidity_NTU,2,0.833
brine_north,saltwater_bath,,turbidity_NTU,3,0.723
brine_north,saltwater_bath,,turbidity_NTU,4,0.578
brine_north,saltwater_bath,,turbidity_NTU,5,0.834
brine_north,saltwater_bath,,turbidity_NTU,6,0.764
brine_north,saltwater_bath,,turbidity_NTU,7,0.792
brine_north,saltwater_bath,,turbidity_NTU,8,0.578
brine_north,saltwater_bath,,turbidity_NTU,9,0.8
brine_north,saltwater_bath,,turbidity_NTU,10,0.585
brine_north,saltwater_bath,,turbidity_NTU,11,0.661
brine_north,saltwater_bath,,turbidity_NTU,12,0.866
brine_south,saltwater_bath,,temperature_C,1,28.222
brine_south,saltwater_bath,,temperature_C,2,28.077
brine_south,saltwater_bath,,temperature_C,3,27.587
brine_south,saltwater_bath,,temperature_C,4,27.168
brine_south,saltwater_bath,,temperature_C,5,27.774
brine_south,saltwater_bath,,temperature_C,6,26.398
brine_south,saltwater_bath,,temperature_C,7,29.232
brine_south,saltwater_bath,,temperature_C,8,26.625
brine_south,saltwater_bath,,temperature_C,9,28.381
brine_south,saltwater_bath,,temperature_C,10,27.501
brine_south,saltwater_bath,,temperature_C,11,27.471
brine_south,saltwater_bath,,temperature_C,12,27.204
brine_south,saltwater_bath,,pH,1,8.076
brine_south,saltwater_bath,,pH,2,7.976
brine_south,saltwater_bath,,pH,3,7.779
brine_south,saltwater_bath,,pH,4,7.957
brine_south,saltwater_bath,,pH,5,7.776
brine_south,saltwater_bath,,pH,6,7.891
brine_south,saltwater_bath,,pH,7,7.988
brine_south,saltwater_bath,,pH,8,7.933
brine_south,saltwater_bath,,pH,9,7.959
brine_south,saltwater_bath,,pH,10,7.916
brine_south,saltwater_bath,,pH,11,7.834
brine_south,saltwater_bath,,pH,12,7.914
brine_south,saltwater_bath,,salinity_ppt,1,36.778
brine_south,saltwater_bath,,salinity_ppt,2,37.98
brine_south,saltwater_bath,,salinity_ppt,3,35.681
brine_south,saltwater_bath,,salinity_ppt,4,36.656
brine_south,saltwater_bath,,salinity_ppt,5,38.786
brine_south,saltwater_bath,,salinity_ppt,6,37.749
brine_south,saltwater_bath,,salinity_ppt,7,38.856
brine_south,saltwater_bath,,salinity_ppt,8,37.745
brine_south,saltwater_bath,,salinity_ppt,9,45.515
brine_south,saltwater_bath,,salinity_ppt,10,38.086
brine_south,saltwater_bath,,salinity_ppt,11,39.341
brine_south,saltwater_bath,,salinity_ppt,12,45.309
brine_south,saltwater_bath,,free_chlorine_ppm,1,1.358
brine_south,saltwater_bath,,free_chlorine_ppm,2,1.751
brine_south,saltwater_bath,,free_chlorine_ppm,3,1.29
brine_south,saltwater_bath,,free_chlorine_ppm,4,1.385
brine_south,saltwater_bath,,free_chlorine_ppm,5,1.303
brine_south,saltwater_bath,,free_chlorine_ppm,6,1.4
brine_south,saltwater_bath,,free_chlorine_ppm,7,1.578
brine_south,saltwater_bath,,free_chlorine_ppm,8,1.493
brine_south,saltwater_bath,,free_chlorine_ppm,9,1.393
brine_south,saltwater_bath,,free_chlorine_ppm,10,1.718
brine_south,saltwater_bath,,free_chlorine_ppm,11,1.892
brine_south,saltwater_bath,,free_chlorine_ppm,12,1.503
brine_south,saltwater_bath,,calcium_hardness_ppm,1,247.019
brine_south,saltwater_bath,,calcium_hardness_ppm,2,217.639
brine_south,saltwater_bath,,calcium_hardness_ppm,3,235.29
brine_south,saltwater_bath,,calcium_hardness_ppm,4,228.788
brine_south,saltwater_bath,,calcium_hardness_ppm,5,211.814
brine_south,saltwater_bath,,calcium_hardness_ppm,6,252.251
brine_south,saltwater_bath,,calcium_hardness_ppm,7,238.65
brine_south,saltwater_bath,,calcium_hardness_ppm,8,232.485
brine_south,saltwater_bath,,calcium_hardness_ppm,9,237.582
brine_south,saltwater_bath,,calcium_hardness_ppm,10,219.87
brine_south,saltwater_bath,,calcium_hardness_ppm,11,244.498
brine_south,saltwater_bath,,calcium_hardness_ppm,12,206.873
brine_south,saltwater_bath,,total_alkalinity_ppm,1,122.361
brine_south,saltwater_bath,,total_alkalinity_ppm,2,109.558
brine_south,saltwater_bath,,total_alkalinity_ppm,3,118.521
brine_south,saltwater_bath,,total_alkalinity_ppm,4,100.866
brine_south,saltwater_bath,,total_alkalinity_ppm,5,93.618
brine_south,saltwater_bath,,total_alkalinity_ppm,6,107.859
brine_south,saltwater_bath,,total_alkalinity_ppm,7,93.055
brine_south,saltwater_bath,,total_alkalinity_ppm,8,98.934
brine_south,saltwater_bath,,total_alkalinity_ppm,9,101.388
brine_south,saltwater_bath,,total_alkalinity_ppm,10,114.884
brine_south,saltwater_bath,,total_alkalinity_ppm,11,123.88
brine_south,saltwater_bath,,total_alkalinity_ppm,12,102.75
brine_south,saltwater_bath,,total_dissolved_solids_ppm,1,35511.098
brine_south,saltwater_bath,,total_dissolved_solids_ppm,2,36147.276
brine_south,saltwater_bath,,total_dissolved_solids_ppm,3,30816.322
brine_south,saltwater_bath,,total_dissolved_solids_ppm,4,32469.027
brine_south,saltwater_bath,,total_dissolved_solids_ppm,5,35058.539
brine_south,saltwater_bath,,total_dissolved_solids_ppm,6,33375.913
brine_south,saltwater_bath,,total_dissolved_solids_ppm,7,33985.138
brine_south,saltwater_bath,,total_dissolved_solids_ppm,8,32915.48
brine_south,saltwater_bath,,total_dissolved_solids_ppm,9,33651.074
brine_south,saltwater_bath,,total_dissolved_solids_ppm,10,33485.605
brine_south,saltwater_bath,,total_dissolved_solids_ppm,11,32667.028
brine_south,saltwater_bath,,total_dissolved_solids_ppm,12,35011.696
brine_south,saltwater_bath,,turbidity_NTU,1,0.63
brine_south,saltwater_bath,,turbidity_NTU,2,0.849
brine_south,saltwater_bath,,turbidity_NTU,3,0.722
brine_south,saltwater_bath,,turbidity_NTU,4,0.563
brine_south,saltwater_bath,,turbidity_NTU,5,0.392
brine_south,saltwater_bath,,turbidity_NTU,6,0.709
brine_south,saltwater_bath,,turbidity_NTU,7,0.775
brine_south,saltwater_bath,,turbidity_NTU,8,0.65
brine_south,saltwater_bath,,turbidity_NTU,9,0.664
brine_south,saltwater_bath,,turbidity_NTU,10,0.671
brine_south,saltwater_bath,,turbidity_NTU,11,0.699
brine_south,saltwater_bath,,turbidity_NTU,12,0.632
warm_birch,warm_bath,,temperature_C,1,36.856
warm_birch,warm_bath,,temperature_C,2,36.716
warm_birch,warm_bath,,temperature_C,3,37.405
warm_birch,warm_bath,,temperature_C,4,37.255
warm_birch,warm_bath,,temperature_C,5,36.91
warm_birch,warm_bath,,temperature_C,6,37.142
warm_birch,warm_bath,,temperature_C,7,37.322
warm_birch,warm_bath,,temperature_C,8,36.643
warm_birch,warm_bath,,temperature_C,9,37.143
warm_birch,warm_bath,,temperature_C,10,36.588
warm_birch,warm_bath,,temperature_C,11,37.297
warm_birch,warm_bath,,temperature_C,12,36.205
warm_birch,warm_bath,,pH,1,7.467
warm_birch,warm_bath,,pH,2,7.425
warm_birch,warm_bath,,pH,3,7.417
warm_birch,warm_bath,,pH,4,7.454
warm_birch,warm_bath,,pH,5,7.399
warm_birch,warm_bath,,pH,6,7.338
warm_birch,warm_bath,,pH,7,7.45
warm_birch,warm_bath,,pH,8,7.475
warm_birch,warm_bath,,pH,9,7.471
warm_birch,warm_bath,,pH,10,7.398
warm_birch,warm_bath,,pH,11,7.353
warm_birch,warm_bath,,pH,12,7.428
warm_birch,warm_bath,,salinity_ppt,1,0.537
warm_birch,warm_bath,,salinity_ppt,2,0.483
warm_birch,warm_bath,,salinity_ppt,3,0.512
warm_birch,warm_bath,,salinity_ppt,4,0.497
warm_birch,warm_bath,,salinity_ppt,5,0.549
warm_birch,warm_bath,,salinity_ppt,6,0.517
warm_birch,warm_bath,,salinity_ppt,7,0.564
warm_birch,warm_bath,,salinity_ppt,8,0.626
warm_birch,warm_bath,,salinity_ppt,9,0.483
warm_birch,warm_bath,,salinity_ppt,10,0.566
warm_birch,warm_bath,,salinity_ppt,11,0.46
warm_birch,warm_bath,,salinity_ppt,12,0.472
warm_birch,warm_bath,,free_chlorine_ppm,1,2.132
warm_birch,warm_bath,,free_chlorine_ppm,2,1.804
warm_birch,warm_bath,,free_chlorine_ppm,3,1.797
warm_birch,warm_bath,,free_chlorine_ppm,4,1.678
warm_birch,warm_bath,,free_chlorine_ppm,5,2.491
warm_birch,warm_bath,,free_chlorine_ppm,6,2.192
warm_birch,warm_bath,,free_chlorine_ppm,7,1.772
warm_birch,warm_bath,,free_chlorine_ppm,8,2.319
warm_birch,warm_bath,,free_chlorine_ppm,9,1.956
warm_birch,warm_bath,,free_chlorine_ppm,10,2.085
warm_birch,warm_bath,,free_chlorine_ppm,11,2.125
warm_birch,warm_bath,,free_chlorine_ppm,12,2.258
warm_birch,warm_bath,,calcium_hardness_ppm,1,253.771
warm_birch,warm_bath,,calcium_hardness_ppm,2,198.423
warm_birch,warm_bath,,calcium_hardness_ppm,3,210.301
warm_birch,warm_bath,,calcium_hardness_ppm,4,201.792
warm_birch,warm_bath,,calcium_hardness_ppm,5,189.289
warm_birch,warm_bath,,calcium_hardness_ppm,6,206.634
warm_birch,warm_bath,,calcium_hardness_ppm,7,201.394
warm_birch,warm_bath,,calcium_hardness_ppm,8,170.926
warm_birch,warm_bath,,calcium_hardness_ppm,9,214.358
warm_birch,warm_bath,,calcium_hardness_ppm,10,207.676
warm_birch,warm_bath,,calcium_hardness_ppm,11,165.73
warm_birch,warm_bath,,calcium_hardness_ppm,12,183.323
warm_birch,warm_bath,,total_alkalinity_ppm,1,108.667
warm_birch,warm_bath,,total_alkalinity_ppm,2,95.299
warm_birch,warm_bath,,total_alkalinity_ppm,3,102.315
warm_birch,warm_bath,,total_alkalinity_ppm,4,105.775
warm_birch,warm_bath,,total_alkalinity_ppm,5,102.514
warm_birch,warm_bath,,total_alkalinity_ppm,6,108.332
warm_birch,warm_bath,,total_alkalinity_ppm,7,93.976
warm_birch,warm_bath,,total_alkalinity_ppm,8,81.85
warm_birch,warm_bath,,total_alkalinity_ppm,9,109.226
warm_birch,warm_bath,,total_alkalinity_ppm,10,88.734
warm_birch,warm_bath,,total_alkalinity_ppm,11,111.404
warm_birch,warm_bath,,total_alkalinity_ppm,12,99.977
warm_birch,warm_bath,,total_dissolved_solids_ppm,1,718.014
warm_birch,warm_bath,,total_dissolved_solids_ppm,2,636.034
warm_birch,warm_bath,,total_dissolved_solids_ppm,3,856.225
warm_birch,warm_bath,,total_dissolved_solids_ppm,4,732.504
warm_birch,warm_bath,,total_dissolved_solids_ppm,5,731.34
warm_birch,warm_bath,,total_dissolved_solids_ppm,6,791.055
warm_birch,warm_bath,,total_dissolved_solids_ppm,7,816.742
warm_birch,warm_bath,,total_dissolved_solids_ppm,8,759.156
warm_birch,warm_bath,,total_dissolved_solids_ppm,9,789.507
warm_birch,warm_bath,,total_dissolved_solids_ppm,10,810.474
warm_birch,warm_bath,,total_dissolved_solids_ppm,11,821.144
warm_birch,warm_bath,,total_dissolved_solids_ppm,12,850.882
warm_birch,warm_bath,,turbidity_NTU,1,0.525
warm_birch,warm_bath,,turbidity_NTU,2,0.437
warm_birch,warm_bath,,turbidity_NTU,3,0.523
warm_birch,warm_bath,,turbidity_NTU,4,0.463
warm_birch,warm_bath,,turbidity_NTU,5,0.577
warm_birch,warm_bath,,turbidity_NTU,6,0.559
warm_birch,warm_bath,,turbidity_NTU,7,0.562
warm_birch,warm_bath,,turbidity_NTU,8,0.534
warm_birch,warm_bath,,turbidity_NTU,9,0.639
warm_birch,warm_bath,,turbidity_NTU,10,0.569
warm_birch,warm_bath,,turbidity_NTU,11,0.542
warm_birch,warm_bath,,turbidity_NTU,12,0.496
warm_cedar,warm_bath,,temperature_C,1,36.81
warm_cedar,warm_bath,,temperature_C,2,37.723
warm_cedar,warm_bath,,temperature_C,3,36.412
warm_cedar,warm_bath,,temperature_C,4,37.32
warm_cedar,warm_bath,,temperature_C,5,37.347
warm_cedar,warm_bath,,temperature_C,6,37.918
warm_cedar,warm_bath,,temperature_C,7,36.688
warm_cedar,warm_bath,,temperature_C,8,36.861
warm_cedar,warm_bath,,temperature_C,9,35.954
warm_cedar,warm_bath,,temperature_C,10,36.552
warm_cedar,warm_bath,,temperature_C,11,37.499
warm_cedar,warm_bath,,temperature_C,12,36.538
warm_cedar,warm_bath,,pH,1,7.426
warm_cedar,warm_bath,,pH,2,7.421
warm_cedar,warm_bath,,pH,3,7.399
warm_cedar,warm_bath,,pH,4,7.349
warm_cedar,warm_bath,,pH,5,7.447
warm_cedar,warm_bath,,pH,6,7.456
warm_cedar,warm_bath,,pH,7,7.464
warm_cedar,warm_bath,,pH,8,7.482
warm_cedar,warm_bath,,pH,9,7.432
warm_cedar,warm_bath,,pH,10,7.392
warm_cedar,warm_bath,,pH,11,7.414
warm_cedar,warm_bath,,pH,12,7.474
warm_cedar,warm_bath,,salinity_ppt,1,0.526
warm_cedar,warm_bath,,salinity_ppt,2,0.566
warm_cedar,warm_bath,,salinity_ppt,3,0.448
warm_cedar,warm_bath,,salinity_ppt,4,0.514
warm_cedar,warm_bath,,salinity_ppt,5,0.537
warm_cedar,warm_bath,,salinity_ppt,6,0.458
warm_cedar,warm_bath,,salinity_ppt,7,0.549
warm_cedar,warm_bath,,salinity_ppt,8,0.407
warm_cedar,warm_bath,,salinity_ppt,9,0.509
warm_cedar,warm_bath,,salinity_ppt,10,0.563
warm_cedar,warm_bath,,salinity_ppt,11,0.536
warm_cedar,warm_bath,,salinity_ppt,12,0.472
warm_cedar,warm_bath,,free_chlorine_ppm,1,2.259
warm_cedar,warm_bath,,free_chlorine_ppm,2,1.784
warm_cedar,warm_bath,,free_chlorine_ppm,3,1.875
warm_cedar,warm_bath,,free_chlorine_ppm,4,1.75
warm_cedar,warm_bath,,free_chlorine_ppm,5,1.946
warm_cedar,warm_bath,,free_chlorine_ppm,6,2.111
warm_cedar,warm_bath,,free_chlorine_ppm,7,2.071
warm_cedar,warm_bath,,free_chlorine_ppm,8,2.529
warm_cedar,warm_bath,,free_chlorine_ppm,9,1.973
warm_cedar,warm_bath,,free_chlorine_ppm,10,2.419
warm_cedar,warm_bath,,free_chlorine_ppm,11,2.163
warm_cedar,warm_bath,,free_chlorine_ppm,12,2.05
warm_cedar,warm_bath,,calcium_hardness_ppm,1,215.129
warm_cedar,warm_bath,,calcium_hardness_ppm,2,183.818
warm_cedar,warm_bath,,calcium_hardness_ppm,3,179.468
warm_cedar,warm_bath,,calcium_hardness_ppm,4,229.008
warm_cedar,warm_bath,,calcium_hardness_ppm,5,185.549
warm_cedar,warm_bath,,calcium_hardness_ppm,6,177.367
warm_cedar,warm_bath,,calcium_hardness_ppm,7,220.301
warm_cedar,warm_bath,,calcium_hardness_ppm,8,197.576
warm_cedar,warm_bath,,calcium_hardness_ppm,9,189.148
warm_cedar,warm_bath,,calcium_hardness_ppm,10,219.19
warm_cedar,warm_bath,,calcium_hardness_ppm,11,163.105
warm_cedar,warm_bath,,calcium_hardness_ppm,12,221.073
warm_cedar,warm_bath,,total_alkalinity_ppm,1,99.947
warm_cedar,warm_bath,,total_alkalinity_ppm,2,115.023
warm_cedar,warm_bath,,total_alkalinity_ppm,3,94.309
warm_cedar,warm_bath,,total_alkalinity_ppm,4,87.86
warm_cedar,warm_bath,,total_alkalinity_ppm,5,101.586
warm_cedar,warm_bath,,total_alkalinity_ppm,6,102.644
warm_cedar,warm_bath,,total_alkalinity_ppm,7,99.727
warm_cedar,warm_bath,,total_alkalinity_ppm,8,111.558
warm_cedar,warm_bath,,total_alkalinity_ppm,9,94.994
warm_cedar,warm_bath,,total_alkalinity_ppm,10,104.051
warm_cedar,warm_bath,,total_alkalinity_ppm,11,93.682
warm_cedar,warm_bath,,total_alkalinity_ppm,12,101.622
warm_cedar,warm_bath,,total_dissolved_solids_ppm,1,730.625
warm_cedar,warm_bath,,total_dissolved_solids_ppm,2,888.296
warm_cedar,warm_bath,,total_dissolved_solids_ppm,3,842.994
warm_cedar,warm_bath,,total_dissolved_solids_ppm,4,830.554
warm_cedar,warm_bath,,total_dissolved_solids_ppm,5,836.472
warm_cedar,warm_bath,,total_dissolved_solids_ppm,6,809.383
warm_cedar,warm_bath,,total_dissolved_solids_ppm,7,798.592
warm_cedar,warm_bath,,total_dissolved_solids_ppm,8,895.594
warm_cedar,warm_bath,,total_dissolved_solids_ppm,9,687.173
warm_cedar,warm_bath,,total_dissolved_solids_ppm,10,889.459
warm_cedar,warm_bath,,total_dissolved_solids_ppm,11,751.871
warm_cedar,warm_bath,,total_dissolved_solids_ppm,12,819.823
warm_cedar,warm_bath,,turbidity_NTU,1,0.543
warm_cedar,warm_bath,,turbidity_NTU,2,0.528
warm_cedar,warm_bath,,turbidity_NTU,3,0.242
warm_cedar,warm_bath,,turbidity_NTU,4,0.523
warm_cedar,warm_bath,,turbidity_NTU,5,0.58
warm_cedar,warm_bath,,turbidity_NTU,6,0.393
warm_cedar,warm_bath,,turbidity_NTU,7,0.561
warm_cedar,warm_bath,,turbidity_NTU,8,0.525
warm_cedar,warm_bath,,turbidity_NTU,9,0.5
warm_cedar,warm_bath,,turbidity_NTU,10,0.562
warm_cedar,warm_bath,,turbidity_NTU,11,0.679
warm_cedar,warm_bath,,turbidity_NTU,12,0.519
warm_pine,warm_bath,,temperature_C,1,36.798
warm_pine,warm_bath,,temperature_C,2,36.983
warm_pine,warm_bath,,temperature_C,3,37.59
warm_pine,warm_bath,,temperature_C,4,36.768
warm_pine,warm_bath,,temperature_C,5,37.384
warm_pine,warm_bath,,temperature_C,6,36.701
warm_pine,warm_bath,,temperature_C,7,36.792
warm_pine,warm_bath,,temperature_C,8,36.879
warm_pine,warm_bath,,temperature_C,9,37.233
warm_pine,warm_bath,,temperature_C,10,37.332
warm_pine,warm_bath,,temperature_C,11,37.235
warm_pine,warm_bath,,temperature_C,12,36.99
warm_pine,warm_bath,,pH,1,7.387
warm_pine,warm_bath,,pH,2,7.519
warm_pine,warm_bath,,pH,3,7.395
warm_pine,warm_bath,,pH,4,7.391
warm_pine,warm_bath,,pH,5,7.411
warm_pine,warm_bath,,pH,6,7.367
warm_pine,warm_bath,,pH,7,7.364
warm_pine,warm_bath,,pH,8,7.461
warm_pine,warm_bath,,pH,9,7.378
warm_pine,warm_bath,,pH,10,7.409
warm_pine,warm_bath,,pH,11,7.442
warm_pine,warm_bath,,pH,12,7.42
warm_pine,warm_bath,,salinity_ppt,1,0.505
warm_pine,warm_bath,,salinity_ppt,2,0.399
warm_pine,warm_bath,,salinity_ppt,3,0.609
warm_pine,warm_bath,,salinity_ppt,4,0.446
warm_pine,warm_bath,,salinity_ppt,5,0.457
warm_pine,warm_bath,,salinity_ppt,6,0.51
warm_pine,warm_bath,,salinity_ppt,7,0.48
warm_pine,warm_bath,,salinity_ppt,8,0.572
warm_pine,warm_bath,,salinity_ppt,9,0.428
warm_pine,warm_bath,,salinity_ppt,10,0.581
warm_pine,warm_bath,,salinity_ppt,11,0.562
warm_pine,warm_bath,,salinity_ppt,12,0.524
warm_pine,warm_bath,,free_chlorine_ppm,1,2.079
warm_pine,warm_bath,,free_chlorine_ppm,2,2.121
warm_pine,warm_bath,,free_chlorine_ppm,3,2.18
warm_pine,warm_bath,,free_chlorine_ppm,4,1.994
warm_pine,warm_bath,,free_chlorine_ppm,5,2.299
warm_pine,warm_bath,,free_chlorine_ppm,6,1.979
warm_pine,warm_bath,,free_chlorine_ppm,7,2.392
warm_pine,warm_bath,,free_chlorine_ppm,8,2.02
warm_pine,warm_bath,,free_chlorine_ppm,9,2.472
warm_pine,warm_bath,,free_chlorine_ppm,10,2.118
warm_pine,warm_bath,,free_chlorine_ppm,11,1.928
warm_pine,warm_bath,,free_chlorine_ppm,12,2.227
warm_pine,warm_bath,,calcium_hardness_ppm,1,172.612
warm_pine,warm_bath,,calcium_hardness_ppm,2,201.243
warm_pine,warm_bath,,calcium_hardness_ppm,3,206.991
warm_pine,warm_bath,,calcium_hardness_ppm,4,238.907
warm_pine,warm_bath,,calcium_hardness_ppm,5,201.913
warm_pine,warm_bath,,calcium_hardness_ppm,6,182.963
warm_pine,warm_bath,,calcium_hardness_ppm,7,221.018
warm_pine,warm_bath,,calcium_hardness_ppm,8,237.943
warm_pine,warm_bath,,calcium_hardness_ppm,9,234.207
warm_pine,warm_bath,,calcium_hardness_ppm,10,211.544
warm_pine,warm_bath,,calcium_hardness_ppm,11,176.339
warm_pine,warm_bath,,calcium_hardness_ppm,12,183.839
warm_pine,warm_bath,,total_alkalinity_ppm,1,96.514
warm_pine,warm_bath,,total_alkalinity_ppm,2,106.429
warm_pine,warm_bath,,total_alkalinity_ppm,3,98.453
warm_pine,warm_bath,,total_alkalinity_ppm,4,113.525
warm_pine,warm_bath,,total_alkalinity_ppm,5,123.762
warm_pine,warm_bath,,total_alkalinity_ppm,6,95.424
warm_pine,warm_bath,,total_alkalinity_ppm,7,99.589
warm_pine,warm_bath,,total_alkalinity_ppm,8,96.144
warm_pine,warm_bath,,total_alkalinity_ppm,9,109.707
warm_pine,warm_bath,,total_alkalinity_ppm,10,105.719
warm_pine,warm_bath,,total_alkalinity_ppm,11,105.097
warm_pine,warm_bath,,total_alkalinity_ppm,12,80.239
warm_pine,warm_bath,,total_dissolved_solids_ppm,1,977.851
warm_pine,warm_bath,,total_dissolved_solids_ppm,2,847.375
warm_pine,warm_bath,,total_dissolved_solids_ppm,3,871.422
warm_pine,warm_bath,,total_dissolved_solids_ppm,4,774.765
warm_pine,warm_bath,,total_dissolved_solids_ppm,5,706.686
warm_pine,warm_bath,,total_dissolved_solids_ppm,6,706.47
warm_pine,warm_bath,,total_dissolved_solids_ppm,7,637.443
warm_pine,warm_bath,,total_dissolved_solids_ppm,8,828.601
warm_pine,warm_bath,,total_dissolved_solids_ppm,9,879.47
warm_pine,warm_bath,,total_dissolved_solids_ppm,10,867.565
warm_pine,warm_bath,,total_dissolved_solids_ppm,11,724.966
warm_pine,warm_bath,,total_dissolved_solids_ppm,12,692.925
warm_pine,warm_bath,,turbidity_NTU,1,0.703
warm_pine,warm_bath,,turbidity_NTU,2,0.451
warm_pine,warm_bath,,turbidity_NTU,3,0.563
warm_pine,warm_bath,,turbidity_NTU,4,0.51
warm_pine,warm_bath,,turbidity_NTU,5,0.589
warm_pine,warm_bath,,turbidity_NTU,6,0.346
warm_pine,warm_bath,,turbidity_NTU,7,0.58
warm_pine,warm_bath,,turbidity_NTU,8,0.594
warm_pine,warm_bath,,turbidity_NTU,9,0.597
warm_pine,warm_bath,,turbidity_NTU,10,0.416
warm_pine,warm_bath,,turbidity_NTU,11,0.505
warm_pine,warm_bath,,turbidity_NTU,12,0.415
warm_spruce,warm_bath,,temperature_C,1,36.779
warm_spruce,warm_bath,,temperature_C,2,37.715
warm_spruce,warm_bath,,temperature_C,3,37.587
warm_spruce,warm_bath,,temperature_C,4,37.06
warm_spruce,warm_bath,,temperature_C,5,36.904
warm_spruce,warm_bath,,temperature_C,6,37.411
warm_spruce,warm_bath,,temperature_C,7,37.019
warm_spruce,warm_bath,,temperature_C,8,36.717
warm_spruce,warm_bath,,temperature_C,9,36.945
warm_spruce,warm_bath,,temperature_C,10,37.153
warm_spruce,warm_bath,,temperature_C,11,37.378
warm_spruce,warm_bath,,temperature_C,12,36.367
warm_spruce,warm_bath,,pH,1,7.866
warm_spruce,warm_bath,,pH,2,7.816
warm_spruce,warm_bath,,pH,3,7.881
warm_spruce,warm_bath,,pH,4,7.875
warm_spruce,warm_bath,,pH,5,7.856
warm_spruce,warm_bath,,pH,6,7.785
warm_spruce,warm_bath,,pH,7,7.89
warm_spruce,warm_bath,,pH,8,7.799
warm_spruce,warm_bath,,pH,9,7.848
warm_spruce,warm_bath,,pH,10,7.784
warm_spruce,warm_bath,,pH,11,7.882
warm_spruce,warm_bath,,pH,12,7.853
warm_spruce,warm_bath,,salinity_ppt,1,0.458
warm_spruce,warm_bath,,salinity_ppt,2,0.53
warm_spruce,warm_bath,,salinity_ppt,3,0.571
warm_spruce,warm_bath,,salinity_ppt,4,0.545
warm_spruce,warm_bath,,salinity_ppt,5,0.45
warm_spruce,warm_bath,,salinity_ppt,6,0.443
warm_spruce,warm_bath,,salinity_ppt,7,0.539
warm_spruce,warm_bath,,salinity_ppt,8,0.495
warm_spruce,warm_bath,,salinity_ppt,9,0.498
warm_spruce,warm_bath,,salinity_ppt,10,0.583
warm_spruce,warm_bath,,salinity_ppt,11,0.489
warm_spruce,warm_bath,,salinity_ppt,12,0.5
warm_spruce,warm_bath,,free_chlorine_ppm,1,2.409
warm_spruce,warm_bath,,free_chlorine_ppm,2,1.76
warm_spruce,warm_bath,,free_chlorine_ppm,3,1.993
warm_spruce,warm_bath,,free_chlorine_ppm,4,2.505
warm_spruce,warm_bath,,free_chlorine_ppm,5,2.301
warm_spruce,warm_bath,,free_chlorine_ppm,6,1.923
warm_spruce,warm_bath,,free_chlorine_ppm,7,2.131
warm_spruce,warm_bath,,free_chlorine_ppm,8,1.996
warm_spruce,warm_bath,,free_chlorine_ppm,9,1.593
warm_spruce,warm_bath,,free_chlorine_ppm,10,1.973
warm_spruce,warm_bath,,free_chlorine_ppm,11,2.205
warm_spruce,warm_bath,,free_chlorine_ppm,12,2.133
warm_spruce,warm_bath,,calcium_hardness_ppm,1,194.297
warm_spruce,warm_bath,,calcium_hardness_ppm,2,225.389
warm_spruce,warm_bath,,calcium_hardness_ppm,3,181.167
warm_spruce,warm_bath,,calcium_hardness_ppm,4,193.873
warm_spruce,warm_bath,,calcium_hardness_ppm,5,169.553
warm_spruce,warm_bath,,calcium_hardness_ppm,6,253.292
warm_spruce,warm_bath,,calcium_hardness_ppm,7,184.839
warm_spruce,warm_bath,,calcium_hardness_ppm,8,148.361
warm_spruce,warm_bath,,calcium_hardness_ppm,9,193.013
warm_spruce,warm_bath,,calcium_hardness_ppm,10,259.397
warm_spruce,warm_bath,,calcium_hardness_ppm,11,207.21
warm_spruce,warm_bath,,calcium_hardness_ppm,12,223.728
warm_spruce,warm_bath,,total_alkalinity_ppm,1,97.847
warm_spruce,warm_bath,,total_alkalinity_ppm,2,92.182
warm_spruce,warm_bath,,total_alkalinity_ppm,3,86.05
warm_spruce,warm_bath,,total_alkalinity_ppm,4,121.678
warm_spruce,warm_bath,,total_alkalinity_ppm,5,96.853
warm_spruce,warm_bath,,total_alkalinity_ppm,6,100.46
warm_spruce,warm_bath,,total_alkalinity_ppm,7,107.013
warm_spruce,warm_bath,,total_alkalinity_ppm,8,104.042
warm_spruce,warm_bath,,total_alkalinity_ppm,9,87.775
warm_spruce,warm_bath,,total_alkalinity_ppm,10,91.693
warm_spruce,warm_bath,,total_alkalinity_ppm,11,87.279
warm_spruce,warm_bath,,total_alkalinity_ppm,12,101.314
warm_spruce,warm_bath,,total_dissolved_solids_ppm,1,674.856
warm_spruce,warm_bath,,total_dissolved_solids_ppm,2,888.832
warm_spruce,warm_bath,,total_dissolved_solids_ppm,3,802.819
warm_spruce,warm_bath,,total_dissolved_solids_ppm,4,718.964
warm_spruce,warm_bath,,total_dissolved_solids_ppm,5,908.453
warm_spruce,warm_bath,,total_dissolved_solids_ppm,6,854.897
warm_spruce,warm_bath,,total_dissolved_solids_ppm,7,904.248
warm_spruce,warm_bath,,total_dissolved_solids_ppm,8,763.447
warm_spruce,warm_bath,,total_dissolved_solids_ppm,9,670.581
warm_spruce,warm_bath,,total_dissolved_solids_ppm,10,742.717
warm_spruce,warm_bath,,total_dissolved_solids_ppm,11,774.881
warm_spruce,warm_bath,,total_dissolved_solids_ppm,12,869.033
warm_spruce,warm_bath,,turbidity_NTU,1,0.508
warm_spruce,warm_bath,,turbidity_NTU,2,0.45
warm_spruce,warm_bath,,turbidity_NTU,3,0.645
warm_spruce,warm_bath,,turbidity_NTU,4,0.328
warm_spruce,warm_bath,,turbidity_NTU,5,0.358
warm_spruce,warm_bath,,turbidity_NTU,6,0.595
warm_spruce,warm_bath,,turbidity_NTU,7,0.5
warm_spruce,warm_bath,,turbidity_NTU,8,0.5
warm_spruce,warm_bath,,turbidity_NTU,9,0.419
warm_spruce,warm_bath,,turbidity_NTU,10,0.523
warm_spruce,warm_bath,,turbidity_NTU,11,0.428
warm_spruce,warm_bath,,turbidity_NTU,12,0.443
ember_pool,hot_spring,ember,temperature_C,1,39.127
ember_pool,hot_spring,ember,temperature_C,2,39.015
ember_pool,hot_spring,ember,temperature_C,3,39.156
ember_pool,hot_spring,ember,temperature_C,4,39.301
ember_pool,hot_spring,ember,temperature_C,5,39.425
ember_pool,hot_spring,ember,temperature_C,6,39.622
ember_pool,hot_spring,ember,temperature_C,7,39.891
ember_pool,hot_spring,ember,temperature_C,8,39.821
ember_pool,hot_spring,ember,temperature_C,9,40.06
ember_pool,hot_spring,ember,temperature_C,10,39.417
ember_pool,hot_spring,ember,temperature_C,11,39.288
ember_pool,hot_spring,ember,temperature_C,12,39.517
ember_pool,hot_spring,ember,pH,1,7.525
ember_pool,hot_spring,ember,pH,2,7.526
ember_pool,hot_spring,ember,pH,3,7.517
ember_pool,hot_spring,ember,pH,4,7.403
ember_pool,hot_spring,ember,pH,5,7.465
ember_pool,hot_spring,ember,pH,6,7.565
ember_pool,hot_spring,ember,pH,7,7.581
ember_pool,hot_spring,ember,pH,8,7.624
ember_pool,hot_spring,ember,pH,9,7.581
ember_pool,hot_spring,ember,pH,10,7.577
ember_pool,hot_spring,ember,pH,11,7.544
ember_pool,hot_spring,ember,pH,12,7.517
ember_pool,hot_spring,ember,salinity_ppt,1,0.646
ember_pool,hot_spring,ember,salinity_ppt,2,0.579
ember_pool,hot_spring,ember,salinity_ppt,3,0.595
ember_pool,hot_spring,ember,salinity_ppt,4,0.531
ember_pool,hot_spring,ember,salinity_ppt,5,0.482
ember_pool,hot_spring,ember,salinity_ppt,6,0.65
ember_pool,hot_spring,ember,salinity_ppt,7,0.634
ember_pool,hot_spring,ember,salinity_ppt,8,0.639
ember_pool,hot_spring,ember,salinity_ppt,9,0.6
ember_pool,hot_spring,ember,salinity_ppt,10,0.584
ember_pool,hot_spring,ember,salinity_ppt,11,0.656
ember_pool,hot_spring,ember,salinity_ppt,12,0.621
ember_pool,hot_spring,ember,free_chlorine_ppm,1,0.989
ember_pool,hot_spring,ember,free_chlorine_ppm,2,1.324
ember_pool,hot_spring,ember,free_chlorine_ppm,3,0.832
ember_pool,hot_spring,ember,free_chlorine_ppm,4,0.813
ember_pool,hot_spring,ember,free_chlorine_ppm,5,0.987
ember_pool,hot_spring,ember,free_chlorine_ppm,6,1.042
ember_pool,hot_spring,ember,free_chlorine_ppm,7,1.18
ember_pool,hot_spring,ember,free_chlorine_ppm,8,0.732
ember_pool,hot_spring,ember,free_chlorine_ppm,9,1.473
ember_pool,hot_spring,ember,free_chlorine_ppm,10,1.123
ember_pool,hot_spring,ember,free_chlorine_ppm,11,1.093
ember_pool,hot_spring,ember,free_chlorine_ppm,12,1.017
ember_pool,hot_spring,ember,calcium_hardness_ppm,1,250.436
ember_pool,hot_spring,ember,calcium_hardness_ppm,2,257.745
ember_pool,hot_spring,ember,calcium_hardness_ppm,3,203.474
ember_pool,hot_spring,ember,calcium_hardness_ppm,4,278.822
ember_pool,hot_spring,ember,calcium_hardness_ppm,5,295.063
ember_pool,hot_spring,ember,calcium_hardness_ppm,6,255.003
ember_pool,hot_spring,ember,calcium_hardness_ppm,7,220.689
ember_pool,hot_spring,ember,calcium_hardness_ppm,8,274.004
ember_pool,hot_spring,ember,calcium_hardness_ppm,9,247.927
ember_pool,hot_spring,ember,calcium_hardness_ppm,10,266.376
ember_pool,hot_spring,ember,calcium_hardness_ppm,11,247.069
ember_pool,hot_spring,ember,calcium_hardness_ppm,12,271.19
ember_pool,hot_spring,ember,total_alkalinity_ppm,1,104.829
ember_pool,hot_spring,ember,total_alkalinity_ppm,2,114.394
ember_pool,hot_spring,ember,total_alkalinity_ppm,3,97.517
ember_pool,hot_spring,ember,total_alkalinity_ppm,4,92.204
ember_pool,hot_spring,ember,total_alkalinity_ppm,5,99.124
ember_pool,hot_spring,ember,total_alkalinity_ppm,6,117.562
ember_pool,hot_spring,ember,total_alkalinity_ppm,7,99.364
ember_pool,hot_spring,ember,total_alkalinity_ppm,8,94.086
ember_pool,hot_spring,ember,total_alkalinity_ppm,9,106.265
ember_pool,hot_spring,ember,total_alkalinity_ppm,10,94.965
ember_pool,hot_spring,ember,total_alkalinity_ppm,11,118.656
ember_pool,hot_spring,ember,total_alkalinity_ppm,12,95.017
ember_pool,hot_spring,ember,total_dissolved_solids_ppm,1,720.329
ember_pool,hot_spring,ember,total_dissolved_solids_ppm,2,1009.146
ember_pool,hot_spring,ember,total_dissolved_solids_ppm,3,740.61
ember_pool,hot_spring,ember,total_dissolved_solids_ppm,4,859.73
ember_pool,hot_spring,ember,total_dissolved_solids_ppm,5,846.622
ember_pool,hot_spring,ember,total_dissolved_solids_ppm,6,823.88
ember_pool,hot_spring,ember,total_dissolved_solids_ppm,7,828.151
ember_pool,hot_spring,ember,total_dissolved_solids_ppm,8,875.151
ember_pool,hot_spring,ember,total_dissolved_solids_ppm,9,949.622
ember_pool,hot_spring,ember,total_dissolved_solids_ppm,10,1067.628
ember_pool,hot_spring,ember,total_dissolved_solids_ppm,11,857.271
ember_pool,hot_spring,ember,total_dissolved_solids_ppm,12,970.626
ember_pool,hot_spring,ember,turbidity_NTU,1,0.567
ember_pool,hot_spring,ember,turbidity_NTU,2,0.663
ember_pool,hot_spring,ember,turbidity_NTU,3,0.473
ember_pool,hot_spring,ember,turbidity_NTU,4,0.838
ember_pool,hot_spring,ember,turbidity_NTU,5,0.48
ember_pool,hot_spring,ember,turbidity_NTU,6,0.54
ember_pool,hot_spring,ember,turbidity_NTU,7,0.728
ember_pool,hot_spring,ember,turbidity_NTU,8,0.644
ember_pool,hot_spring,ember,turbidity_NTU,9,0.699
ember_pool,hot_spring,ember,turbidity_NTU,10,0.754
ember_pool,hot_spring,ember,turbidity_NTU,11,0.528
ember_pool,hot_spring,ember,turbidity_NTU,12,0.76
ember_grotto,hot_spring,ember,temperature_C,1,41.326
ember_grotto,hot_spring,ember,temperature_C,2,41.88
ember_grotto,hot_spring,ember,temperature_C,3,41.61
ember_grotto,hot_spring,ember,temperature_C,4,41.978
ember_grotto,hot_spring,ember,temperature_C,5,42.175
ember_grotto,hot_spring,ember,temperature_C,6,41.616
ember_grotto,hot_spring,ember,temperature_C,7,41.53
ember_grotto,hot_spring,ember,temperature_C,8,41.537
ember_grotto,hot_spring,ember,temperature_C,9,41.435
ember_grotto,hot_spring,ember,temperature_C,10,41.616
ember_grotto,hot_spring,ember,temperature_C,11,41.158
ember_grotto,hot_spring,ember,temperature_C,12,41.899
ember_grotto,hot_spring,ember,pH,1,7.528
ember_grotto,hot_spring,ember,pH,2,7.47
ember_grotto,hot_spring,ember,pH,3,7.61
ember_grotto,hot_spring,ember,pH,4,7.512
ember_grotto,hot_spring,ember,pH,5,7.479
ember_grotto,hot_spring,ember,pH,6,7.565
ember_grotto,hot_spring,ember,pH,7,7.479
ember_grotto,hot_spring,ember,pH,8,7.647
ember_grotto,hot_spring,ember,pH,9,7.604
ember_grotto,hot_spring,ember,pH,10,7.514
ember_grotto,hot_spring,ember,pH,11,7.614
ember_grotto,hot_spring,ember,pH,12,7.618
ember_grotto,hot_spring,ember,salinity_ppt,1,0.56
ember_grotto,hot_spring,ember,salinity_ppt,2,0.697
ember_grotto,hot_spring,ember,salinity_ppt,3,0.616
ember_grotto,hot_spring,ember,salinity_ppt,4,0.637
ember_grotto,hot_spring,ember,salinity_ppt,5,0.619
ember_grotto,hot_spring,ember,salinity_ppt,6,0.57
ember_grotto,hot_spring,ember,salinity_ppt,7,0.524
ember_grotto,hot_spring,ember,salinity_ppt,8,0.569
ember_grotto,hot_spring,ember,salinity_ppt,9,0.547
ember_grotto,hot_spring,ember,salinity_ppt,10,0.613
ember_grotto,hot_spring,ember,salinity_ppt,11,0.554
ember_grotto,hot_spring,ember,salinity_ppt,12,0.568
ember_grotto,hot_spring,ember,free_chlorine_ppm,1,0.96
ember_grotto,hot_spring,ember,free_chlorine_ppm,2,1.121
ember_grotto,hot_spring,ember,free_chlorine_ppm,3,0.469
ember_grotto,hot_spring,ember,free_chlorine_ppm,4,1.158
ember_grotto,hot_spring,ember,free_chlorine_ppm,5,1.185
ember_grotto,hot_spring,ember,free_chlorine_ppm,6,1.431
ember_grotto,hot_spring,ember,free_chlorine_ppm,7,0.809
ember_grotto,hot_spring,ember,free_chlorine_ppm,8,0.743
ember_grotto,hot_spring,ember,free_chlorine_ppm,9,0.701
ember_grotto,hot_spring,ember,free_chlorine_ppm,10,1.081
ember_grotto,hot_spring,ember,free_chlorine_ppm,11,1.322
ember_grotto,hot_spring,ember,free_chlorine_ppm,12,0.919
ember_grotto,hot_spring,ember,calcium_hardness_ppm,1,254.492
ember_grotto,hot_spring,ember,calcium_hardness_ppm,2,215.634
ember_grotto,hot_spring,ember,calcium_hardness_ppm,3,266.411
ember_grotto,hot_spring,ember,calcium_hardness_ppm,4,286.23
ember_grotto,hot_spring,ember,calcium_hardness_ppm,5,219.825
ember_grotto,hot_spring,ember,calcium_hardness_ppm,6,208.771
ember_grotto,hot_spring,ember,calcium_hardness_ppm,7,237.449
ember_grotto,hot_spring,ember,calcium_hardness_ppm,8,235.89
ember_grotto,hot_spring,ember,calcium_hardness_ppm,9,283.82
ember_grotto,hot_spring,ember,calcium_hardness_ppm,10,242.753
ember_grotto,hot_spring,ember,calcium_hardness_ppm,11,257.899
ember_grotto,hot_spring,ember,calcium_hardness_ppm,12,225.74
ember_grotto,hot_spring,ember,total_alkalinity_ppm,1,126.912
ember_grotto,hot_spring,ember,total_alkalinity_ppm,2,103.719
ember_grotto,hot_spring,ember,total_alkalinity_ppm,3,106.713
ember_grotto,hot_spring,ember,total_alkalinity_ppm,4,115.743
ember_grotto,hot_spring,ember,total_alkalinity_ppm,5,106.01
ember_grotto,hot_spring,ember,total_alkalinity_ppm,6,107.598
ember_grotto,hot_spring,ember,total_alkalinity_ppm,7,101.262
ember_grotto,hot_spring,ember,total_alkalinity_ppm,8,115.956
ember_grotto,hot_spring,ember,total_alkalinity_ppm,9,107.566
ember_grotto,hot_spring,ember,total_alkalinity_ppm,10,108.294
ember_grotto,hot_spring,ember,total_alkalinity_ppm,11,96.88
ember_grotto,hot_spring,ember,total_alkalinity_ppm,12,112.212
ember_grotto,hot_spring,ember,total_dissolved_solids_ppm,1,722.842
ember_grotto,hot_spring,ember,total_dissolved_solids_ppm,2,962.92
ember_grotto,hot_spring,ember,total_dissolved_solids_ppm,3,975.021
ember_grotto,hot_spring,ember,total_dissolved_solids_ppm,4,943.663
ember_grotto,hot_spring,ember,total_dissolved_solids_ppm,5,964.874
ember_grotto,hot_spring,ember,total_dissolved_solids_ppm,6,972.915
ember_grotto,hot_spring,ember,total_dissolved_solids_ppm,7,916.159
ember_grotto,hot_spring,ember,total_dissolved_solids_ppm,8,875.969
ember_grotto,hot_spring,ember,total_dissolved_solids_ppm,9,947.941
ember_grotto,hot_spring,ember,total_dissolved_solids_ppm,10,832.724
ember_grotto,hot_spring,ember,total_dissolved_solids_ppm,11,808.582
ember_grotto,hot_spring,ember,total_dissolved_solids_ppm,12,717.848
ember_grotto,hot_spring,ember,turbidity_NTU,1,0.575
ember_grotto,hot_spring,ember,turbidity_NTU,2,0.554
ember_grotto,hot_spring,ember,turbidity_NTU,3,0.436
ember_grotto,hot_spring,ember,turbidity_NTU,4,0.706
ember_grotto,hot_spring,ember,turbidity_NTU,5,0.533
ember_grotto,hot_spring,ember,turbidity_NTU,6,0.655
ember_grotto,hot_spring,ember,turbidity_NTU,7,0.824
ember_grotto,hot_spring,ember,turbidity_NTU,8,0.619
ember_grotto,hot_spring,ember,turbidity_NTU,9,0.605
ember_grotto,hot_spring,ember,turbidity_NTU,10,0.591
ember_grotto,hot_spring,ember,turbidity_NTU,11,0.572
ember_grotto,hot_spring,ember,turbidity_NTU,12,0.554
aurora_pool,hot_spring,aurora,temperature_C,1,39.9
aurora_pool,hot_spring,aurora,temperature_C,2,39.895
aurora_pool,hot_spring,aurora,temperature_C,3,39.633
aurora_pool,hot_spring,aurora,temperature_C,4,39.616
aurora_pool,hot_spring,aurora,temperature_C,5,39.909
aurora_pool,hot_spring,aurora,temperature_C,6,40.198
aurora_pool,hot_spring,aurora,temperature_C,7,40.056
aurora_pool,hot_spring,aurora,temperature_C,8,39.796
aurora_pool,hot_spring,aurora,temperature_C,9,39.994
aurora_pool,hot_spring,aurora,temperature_C,10,39.582
aurora_pool,hot_spring,aurora,temperature_C,11,40.052
aurora_pool,hot_spring,aurora,temperature_C,12,39.657
aurora_pool,hot_spring,aurora,pH,1,7.543
aurora_pool,hot_spring,aurora,pH,2,7.517
aurora_pool,hot_spring,aurora,pH,3,7.492
aurora_pool,hot_spring,aurora,pH,4,7.564
aurora_pool,hot_spring,aurora,pH,5,7.642
aurora_pool,hot_spring,aurora,pH,6,7.469
aurora_pool,hot_spring,aurora,pH,7,7.517
aurora_pool,hot_spring,aurora,pH,8,7.686
aurora_pool,hot_spring,aurora,pH,9,7.597
aurora_pool,hot_spring,aurora,pH,10,7.57
aurora_pool,hot_spring,aurora,pH,11,7.504
aurora_pool,hot_spring,aurora,pH,12,7.576
aurora_pool,hot_spring,aurora,salinity_ppt,1,0.661
aurora_pool,hot_spring,aurora,salinity_ppt,2,0.655
aurora_pool,hot_spring,aurora,salinity_ppt,3,0.577
aurora_pool,hot_spring,aurora,salinity_ppt,4,0.471
aurora_pool,hot_spring,aurora,salinity_ppt,5,0.575
aurora_pool,hot_spring,aurora,salinity_ppt,6,0.631
aurora_pool,hot_spring,aurora,salinity_ppt,7,0.577
aurora_pool,hot_spring,aurora,salinity_ppt,8,0.608
aurora_pool,hot_spring,aurora,salinity_ppt,9,0.608
aurora_pool,hot_spring,aurora,salinity_ppt,10,0.627
aurora_pool,hot_spring,aurora,salinity_ppt,11,0.547
aurora_pool,hot_spring,aurora,salinity_ppt,12,0.623
aurora_pool,hot_spring,aurora,free_chlorine_ppm,1,1.155
aurora_pool,hot_spring,aurora,free_chlorine_ppm,2,0.719
aurora_pool,hot_spring,aurora,free_chlorine_ppm,3,0.891
aurora_pool,hot_spring,aurora,free_chlorine_ppm,4,0.939
aurora_pool,hot_spring,aurora,free_chlorine_ppm,5,0.659
aurora_pool,hot_spring,aurora,free_chlorine_ppm,6,1.031
aurora_pool,hot_spring,aurora,free_chlorine_ppm,7,1.531
aurora_pool,hot_spring,aurora,free_chlorine_ppm,8,0.931
aurora_pool,hot_spring,aurora,free_chlorine_ppm,9,1.25
aurora_pool,hot_spring,aurora,free_chlorine_ppm,10,0.825
aurora_pool,hot_spring,aurora,free_chlorine_ppm,11,0.775
aurora_pool,hot_spring,aurora,free_chlorine_ppm,12,1.47
aurora_pool,hot_spring,aurora,calcium_hardness_ppm,1,265.453
aurora_pool,hot_spring,aurora,calcium_hardness_ppm,2,225.55
aurora_pool,hot_spring,aurora,calcium_hardness_ppm,3,238.442
aurora_pool,hot_spring,aurora,calcium_hardness_ppm,4,287.904
aurora_pool,hot_spring,aurora,calcium_hardness_ppm,5,254.949
aurora_pool,hot_spring,aurora,calcium_hardness_ppm,6,235.554
aurora_pool,hot_spring,aurora,calcium_hardness_ppm,7,267.746
aurora_pool,hot_spring,aurora,calcium_hardness_ppm,8,258.615
aurora_pool,hot_spring,aurora,calcium_hardness_ppm,9,223.068
aurora_pool,hot_spring,aurora,calcium_hardness_ppm,10,286.169
aurora_pool,hot_spring,aurora,calcium_hardness_ppm,11,256.74
aurora_pool,hot_spring,aurora,calcium_hardness_ppm,12,281.801
aurora_pool,hot_spring,aurora,total_alkalinity_ppm,1,110.493
aurora_pool,hot_spring,aurora,total_alkalinity_ppm,2,103.228
aurora_pool,hot_spring,aurora,total_alkalinity_ppm,3,113.754
aurora_pool,hot_spring,aurora,total_alkalinity_ppm,4,105.095
aurora_pool,hot_spring,aurora,total_alkalinity_ppm,5,118.199
aurora_pool,hot_spring,aurora,total_alkalinity_ppm,6,87.778
aurora_pool,hot_spring,aurora,total_alkalinity_ppm,7,98.558
aurora_pool,hot_spring,aurora,total_alkalinity_ppm,8,108.742
aurora_pool,hot_spring,aurora,total_alkalinity_ppm,9,103.748
aurora_pool,hot_spring,aurora,total_alkalinity_ppm,10,110.075
aurora_pool,hot_spring,aurora,total_alkalinity_ppm,11,123.408
aurora_pool,hot_spring,aurora,total_alkalinity_ppm,12,93.597
aurora_pool,hot_spring,aurora,total_dissolved_solids_ppm,1,1001.576
aurora_pool,hot_spring,aurora,total_dissolved_solids_ppm,2,935.217
aurora_pool,hot_spring,aurora,total_dissolved_solids_ppm,3,878.949
aurora_pool,hot_spring,aurora,total_dissolved_solids_ppm,4,855.67
aurora_pool,hot_spring,aurora,total_dissolved_solids_ppm,5,951.498
aurora_pool,hot_spring,aurora,total_dissolved_solids_ppm,6,950.988
aurora_pool,hot_spring,aurora,total_dissolved_solids_ppm,7,841.674
aurora_pool,hot_spring,aurora,total_dissolved_solids_ppm,8,739.85
aurora_pool,hot_spring,aurora,total_dissolved_solids_ppm,9,986.26
aurora_pool,hot_spring,aurora,total_dissolved_solids_ppm,10,779.299
aurora_pool,hot_spring,aurora,total_dissolved_solids_ppm,11,1007.934
aurora_pool,hot_spring,aurora,total_dissolved_solids_ppm,12,746.95
aurora_pool,hot_spring,aurora,turbidity_NTU,1,0.689
aurora_pool,hot_spring,aurora,turbidity_NTU,2,0.628
aurora_pool,hot_spring,aurora,turbidity_NTU,3,0.636
aurora_pool,hot_spring,aurora,turbidity_NTU,4,0.578
aurora_pool,hot_spring,aurora,turbidity_NTU,5,0.627
aurora_pool,hot_spring,aurora,turbidity_NTU,6,0.509
aurora_pool,hot_spring,aurora,turbidity_NTU,7,0.558
aurora_pool,hot_spring,aurora,turbidity_NTU,8,0.723
aurora_pool,hot_spring,aurora,turbidity_NTU,9,0.564
aurora_pool,hot_spring,aurora,turbidity_NTU,10,0.637
aurora_pool,hot_spring,aurora,turbidity_NTU,11,0.617
aurora_pool,hot_spring,aurora,turbidity_NTU,12,0.609
aurora_grotto,hot_spring,aurora,temperature_C,1,40.817
aurora_grotto,hot_spring,aurora,temperature_C,2,40.646
aurora_grotto,hot_spring,aurora,temperature_C,3,41.31
aurora_grotto,hot_spring,aurora,temperature_C,4,40.633
aurora_grotto,hot_spring,aurora,temperature_C,5,42.079
aurora_grotto,hot_spring,aurora,temperature_C,6,40.795
aurora_grotto,hot_spring,aurora,temperature_C,7,41.347
aurora_grotto,hot_spring,aurora,temperature_C,8,40.202
aurora_grotto,hot_spring,aurora,temperature_C,9,40.665
aurora_grotto,hot_spring,aurora,temperature_C,10,41.566
aurora_grotto,hot_spring,aurora,temperature_C,11,41.49
aurora_grotto,hot_spring,aurora,temperature_C,12,41.352
aurora_grotto,hot_spring,aurora,pH,1,7.427
aurora_grotto,hot_spring,aurora,pH,2,7.513
aurora_grotto,hot_spring,aurora,pH,3,7.55
aurora_grotto,hot_spring,aurora,pH,4,7.55
aurora_grotto,hot_spring,aurora,pH,5,7.554
aurora_grotto,hot_spring,aurora,pH,6,7.442
aurora_grotto,hot_spring,aurora,pH,7,7.521
aurora_grotto,hot_spring,aurora,pH,8,7.563
aurora_grotto,hot_spring,aurora,pH,9,7.496
aurora_grotto,hot_spring,aurora,pH,10,7.432
aurora_grotto,hot_spring,aurora,pH,11,7.603
aurora_grotto,hot_spring,aurora,pH,12,7.425
aurora_grotto,hot_spring,aurora,salinity_ppt,1,0.472
aurora_grotto,hot_spring,aurora,salinity_ppt,2,0.614
aurora_grotto,hot_spring,aurora,salinity_ppt,3,0.61
aurora_grotto,hot_spring,aurora,salinity_ppt,4,0.579
aurora_grotto,hot_spring,aurora,salinity_ppt,5,0.587
aurora_grotto,hot_spring,aurora,salinity_ppt,6,0.531
aurora_grotto,hot_spring,aurora,salinity_ppt,7,0.686
aurora_grotto,hot_spring,aurora,salinity_ppt,8,0.449
aurora_grotto,hot_spring,aurora,salinity_ppt,9,0.579
aurora_grotto,hot_spring,aurora,salinity_ppt,10,0.565
aurora_grotto,hot_spring,aurora,salinity_ppt,11,0.641
aurora_grotto,hot_spring,aurora,salinity_ppt,12,0.727
aurora_grotto,hot_spring,aurora,free_chlorine_ppm,1,0.585
aurora_grotto,hot_spring,aurora,free_chlorine_ppm,2,0.552
aurora_grotto,hot_spring,aurora,free_chlorine_ppm,3,0.837
aurora_grotto,hot_spring,aurora,free_chlorine_ppm,4,1.257
aurora_grotto,hot_spring,aurora,free_chlorine_ppm,5,1.081
aurora_grotto,hot_spring,aurora,free_chlorine_ppm,6,0.827
aurora_grotto,hot_spring,aurora,free_chlorine_ppm,7,1.037
aurora_grotto,hot_spring,aurora,free_chlorine_ppm,8,1.023
aurora_grotto,hot_spring,aurora,free_chlorine_ppm,9,1.092
aurora_grotto,hot_spring,aurora,free_chlorine_ppm,10,1.381
aurora_grotto,hot_spring,aurora,free_chlorine_ppm,11,0.783
aurora_grotto,hot_spring,aurora,free_chlorine_ppm,12,1.336
aurora_grotto,hot_spring,aurora,calcium_hardness_ppm,1,236.883
aurora_grotto,hot_spring,aurora,calcium_hardness_ppm,2,266.736
aurora_grotto,hot_spring,aurora,calcium_hardness_ppm,3,219.606
aurora_grotto,hot_spring,aurora,calcium_hardness_ppm,4,274.622
aurora_grotto,hot_spring,aurora,calcium_hardness_ppm,5,259.584
aurora_grotto,hot_spring,aurora,calcium_hardness_ppm,6,263.491
aurora_grotto,hot_spring,aurora,calcium_hardness_ppm,7,222.599
aurora_grotto,hot_spring,aurora,calcium_hardness_ppm,8,252.283
aurora_grotto,hot_spring,aurora,calcium_hardness_ppm,9,265.279
aurora_grotto,hot_spring,aurora,calcium_hardness_ppm,10,223.361
aurora_grotto,hot_spring,aurora,calcium_hardness_ppm,11,274.476
aurora_grotto,hot_spring,aurora,calcium_hardness_ppm,12,275.353
aurora_grotto,hot_spring,aurora,total_alkalinity_ppm,1,95.177
aurora_grotto,hot_spring,aurora,total_alkalinity_ppm,2,93.847
aurora_grotto,hot_spring,aurora,total_alkalinity_ppm,3,118.976
aurora_grotto,hot_spring,aurora,total_alkalinity_ppm,4,103.113
aurora_grotto,hot_spring,aurora,total_alkalinity_ppm,5,104.477
aurora_grotto,hot_spring,aurora,total_alkalinity_ppm,6,100.12
aurora_grotto,hot_spring,aurora,total_alkalinity_ppm,7,110.544
aurora_grotto,hot_spring,aurora,total_alkalinity_ppm,8,120.79
aurora_grotto,hot_spring,aurora,total_alkalinity_ppm,9,91.283
aurora_grotto,hot_spring,aurora,total_alkalinity_ppm,10,101.717
aurora_grotto,hot_spring,aurora,total_alkalinity_ppm,11,107.935
aurora_grotto,hot_spring,aurora,total_alkalinity_ppm,12,111.339
aurora_grotto,hot_spring,aurora,total_dissolved_solids_ppm,1,935.146
aurora_grotto,hot_spring,aurora,total_dissolved_solids_ppm,2,924.853
aurora_grotto,hot_spring,aurora,total_dissolved_solids_ppm,3,779.222
aurora_grotto,hot_spring,aurora,total_dissolved_solids_ppm,4,909.689
aurora_grotto,hot_spring,aurora,total_dissolved_solids_ppm,5,814.425
aurora_grotto,hot_spring,aurora,total_dissolved_solids_ppm,6,849.771
aurora_grotto,hot_spring,aurora,total_dissolved_solids_ppm,7,929.348
aurora_grotto,hot_spring,aurora,total_dissolved_solids_ppm,8,961.675
aurora_grotto,hot_spring,aurora,total_dissolved_solids_ppm,9,777.127
aurora_grotto,hot_spring,aurora,total_dissolved_solids_ppm,10,930.854
aurora_grotto,hot_spring,aurora,total_dissolved_solids_ppm,11,777.988
aurora_grotto,hot_spring,aurora,total_dissolved_solids_ppm,12,859.442
aurora_grotto,hot_spring,aurora,turbidity_NTU,1,0.573
aurora_grotto,hot_spring,aurora,turbidity_NTU,2,0.706
aurora_grotto,hot_spring,aurora,turbidity_NTU,3,0.669
aurora_grotto,hot_spring,aurora,turbidity_NTU,4,0.572
aurora_grotto,hot_spring,aurora,turbidity_NTU,5,0.663
aurora_grotto,hot_spring,aurora,turbidity_NTU,6,0.601
aurora_grotto,hot_spring,aurora,turbidity_NTU,7,0.313
aurora_grotto,hot_spring,aurora,turbidity_NTU,8,0.543
aurora_grotto,hot_spring,aurora,turbidity_NTU,9,0.542
aurora_grotto,hot_spring,aurora,turbidity_NTU,10,0.733
aurora_grotto,hot_spring,aurora,turbidity_NTU,11,0.524
aurora_grotto,hot_spring,aurora,turbidity_NTU,12,0.48
frost_pool,hot_spring,frost,temperature_C,1,40.089
frost_pool,hot_spring,frost,temperature_C,2,39.798
frost_pool,hot_spring,frost,temperature_C,3,40.227
frost_pool,hot_spring,frost,temperature_C,4,40.197
frost_pool,hot_spring,frost,temperature_C,5,40.295
frost_pool,hot_spring,frost,temperature_C,6,39.516
frost_pool,hot_spring,frost,temperature_C,7,40.103
frost_pool,hot_spring,frost,temperature_C,8,40.273
frost_pool,hot_spring,frost,temperature_C,9,39.606
frost_pool,hot_spring,frost,temperature_C,10,39.831
frost_pool,hot_spring,frost,temperature_C,11,39.805
frost_pool,hot_spring,frost,temperature_C,12,39.839
frost_pool,hot_spring,frost,pH,1,7.574
frost_pool,hot_spring,frost,pH,2,7.565
frost_pool,hot_spring,frost,pH,3,7.589
frost_pool,hot_spring,frost,pH,4,7.489
frost_pool,hot_spring,frost,pH,5,7.659
frost_pool,hot_spring,frost,pH,6,7.546
frost_pool,hot_spring,frost,pH,7,7.56
frost_pool,hot_spring,frost,pH,8,7.529
frost_pool,hot_spring,frost,pH,9,7.674
frost_pool,hot_spring,frost,pH,10,7.56
frost_pool,hot_spring,frost,pH,11,7.457
frost_pool,hot_spring,frost,pH,12,7.484
frost_pool,hot_spring,frost,salinity_ppt,1,0.588
frost_pool,hot_spring,frost,salinity_ppt,2,0.536
frost_pool,hot_spring,frost,salinity_ppt,3,0.558
frost_pool,hot_spring,frost,salinity_ppt,4,0.584
frost_pool,hot_spring,frost,salinity_ppt,5,0.588
frost_pool,hot_spring,frost,salinity_ppt,6,0.615
frost_pool,hot_spring,frost,salinity_ppt,7,0.576
frost_pool,hot_spring,frost,salinity_ppt,8,0.521
frost_pool,hot_spring,frost,salinity_ppt,9,0.664
frost_pool,hot_spring,frost,salinity_ppt,10,0.646
frost_pool,hot_spring,frost,salinity_ppt,11,0.619
frost_pool,hot_spring,frost,salinity_ppt,12,0.564
frost_pool,hot_spring,frost,free_chlorine_ppm,1,0.767
frost_pool,hot_spring,frost,free_chlorine_ppm,2,1.176
frost_pool,hot_spring,frost,free_chlorine_ppm,3,0.614
frost_pool,hot_spring,frost,free_chlorine_ppm,4,1.004
frost_pool,hot_spring,frost,free_chlorine_ppm,5,1.238
frost_pool,hot_spring,frost,free_chlorine_ppm,6,1.185
frost_pool,hot_spring,frost,free_chlorine_ppm,7,1.028
frost_pool,hot_spring,frost,free_chlorine_ppm,8,0.882
frost_pool,hot_spring,frost,free_chlorine_ppm,9,1.24
frost_pool,hot_spring,frost,free_chlorine_ppm,10,1.045
frost_pool,hot_spring,frost,free_chlorine_ppm,11,0.787
frost_pool,hot_spring,frost,free_chlorine_ppm,12,1.061
frost_pool,hot_spring,frost,calcium_hardness_ppm,1,259.02
frost_pool,hot_spring,frost,calcium_hardness_ppm,2,241.573
frost_pool,hot_spring,frost,calcium_hardness_ppm,3,272.101
frost_pool,hot_spring,frost,calcium_hardness_ppm,4,227.054
frost_pool,hot_spring,frost,calcium_hardness_ppm,5,273.222
frost_pool,hot_spring,frost,calcium_hardness_ppm,6,265.0
frost_pool,hot_spring,frost,calcium_hardness_ppm,7,251.9
frost_pool,hot_spring,frost,calcium_hardness_ppm,8,289.425
frost_pool,hot_spring,frost,calcium_hardness_ppm,9,270.905
frost_pool,hot_spring,frost,calcium_hardness_ppm,10,237.962
frost_pool,hot_spring,frost,calcium_hardness_ppm,11,263.464
frost_pool,hot_spring,frost,calcium_hardness_ppm,12,252.108
frost_pool,hot_spring,frost,total_alkalinity_ppm,1,116.14
frost_pool,hot_spring,frost,total_alkalinity_ppm,2,113.768
frost_pool,hot_spring,frost,total_alkalinity_ppm,3,85.242
frost_pool,hot_spring,frost,total_alkalinity_ppm,4,112.068
frost_pool,hot_spring,frost,total_alkalinity_ppm,5,100.625
frost_pool,hot_spring,frost,total_alkalinity_ppm,6,113.756
frost_pool,hot_spring,frost,total_alkalinity_ppm,7,101.664
frost_pool,hot_spring,frost,total_alkalinity_ppm,8,109.941
frost_pool,hot_spring,frost,total_alkalinity_ppm,9,116.783
frost_pool,hot_spring,frost,total_alkalinity_ppm,10,105.944
frost_pool,hot_spring,frost,total_alkalinity_ppm,11,106.489
frost_pool,hot_spring,frost,total_alkalinity_ppm,12,110.83
frost_pool,hot_spring,frost,total_dissolved_solids_ppm,1,895.709
frost_pool,hot_spring,frost,total_dissolved_solids_ppm,2,909.7
frost_pool,hot_spring,frost,total_dissolved_solids_ppm,3,938.496
frost_pool,hot_spring,frost,total_dissolved_solids_ppm,4,1054.025
frost_pool,hot_spring,frost,total_dissolved_solids_ppm,5,791.1
frost_pool,hot_spring,frost,total_dissolved_solids_ppm,6,987.588
frost_pool,hot_spring,frost,total_dissolved_solids_ppm,7,694.15
frost_pool,hot_spring,frost,total_dissolved_solids_ppm,8,707.341
frost_pool,hot_spring,frost,total_dissolved_solids_ppm,9,660.769
frost_pool,hot_spring,frost,total_dissolved_solids_ppm,10,1058.867
frost_pool,hot_spring,frost,total_dissolved_solids_ppm,11,968.582
frost_pool,hot_spring,frost,total_dissolved_solids_ppm,12,847.499
frost_pool,hot_spring,frost,turbidity_NTU,1,0.54
frost_pool,hot_spring,frost,turbidity_NTU,2,0.719
frost_pool,hot_spring,frost,turbidity_NTU,3,0.533
frost_pool,hot_spring,frost,turbidity_NTU,4,0.581
frost_pool,hot_spring,frost,turbidity_NTU,5,0.725
frost_pool,hot_spring,frost,turbidity_NTU,6,0.595
frost_pool,hot_spring,frost,turbidity_NTU,7,0.544
frost_pool,hot_spring,frost,turbidity_NTU,8,0.61
frost_pool,hot_spring,frost,turbidity_NTU,9,0.475
frost_pool,hot_spring,frost,turbidity_NTU,10,0.658
frost_pool,hot_spring,frost,turbidity_NTU,11,0.437
frost_pool,hot_spring,frost,turbidity_NTU,12,0.655
frost_grotto,hot_spring,frost,temperature_C,1,40.782
frost_grotto,hot_spring,frost,temperature_C,2,40.908
frost_grotto,hot_spring,frost,temperature_C,3,40.757
frost_grotto,hot_spring,frost,temperature_C,4,41.149
frost_grotto,hot_spring,frost,temperature_C,5,41.128
frost_grotto,hot_spring,frost,temperature_C,6,40.889
frost_grotto,hot_spring,frost,temperature_C,7,41.585
frost_grotto,hot_spring,frost,temperature_C,8,40.841
frost_grotto,hot_spring,frost,temperature_C,9,41.301
frost_grotto,hot_spring,frost,temperature_C,10,40.719
frost_grotto,hot_spring,frost,temperature_C,11,40.839
frost_grotto,hot_spring,frost,temperature_C,12,40.923
frost_grotto,hot_spring,frost,pH,1,7.628
frost_grotto,hot_spring,frost,pH,2,7.492
frost_grotto,hot_spring,frost,pH,3,7.524
frost_grotto,hot_spring,frost,pH,4,7.537
frost_grotto,hot_spring,frost,pH,5,7.591
frost_grotto,hot_spring,frost,pH,6,7.601
frost_grotto,hot_spring,frost,pH,7,7.559
frost_grotto,hot_spring,frost,pH,8,7.458
frost_grotto,hot_spring,frost,pH,9,7.657
frost_grotto,hot_spring,frost,pH,10,7.57
frost_grotto,hot_spring,frost,pH,11,7.594
frost_grotto,hot_spring,frost,pH,12,7.578
frost_grotto,hot_spring,frost,salinity_ppt,1,0.577
frost_grotto,hot_spring,frost,salinity_ppt,2,0.569
frost_grotto,hot_spring,frost,salinity_ppt,3,0.636
frost_grotto,hot_spring,frost,salinity_ppt,4,0.579
frost_grotto,hot_spring,frost,salinity_ppt,5,0.652
frost_grotto,hot_spring,frost,salinity_ppt,6,0.652
frost_grotto,hot_spring,frost,salinity_ppt,7,0.636
frost_grotto,hot_spring,frost,salinity_ppt,8,0.533
frost_grotto,hot_spring,frost,salinity_ppt,9,0.648
frost_grotto,hot_spring,frost,salinity_ppt,10,0.649
frost_grotto,hot_spring,frost,salinity_ppt,11,0.622
frost_grotto,hot_spring,frost,salinity_ppt,12,0.597
frost_grotto,hot_spring,frost,free_chlorine_ppm,1,0.972
frost_grotto,hot_spring,frost,free_chlorine_ppm,2,1.184
frost_grotto,hot_spring,frost,free_chlorine_ppm,3,1.281
frost_grotto,hot_spring,frost,free_chlorine_ppm,4,1.006
frost_grotto,hot_spring,frost,free_chlorine_ppm,5,1.113
frost_grotto,hot_spring,frost,free_chlorine_ppm,6,1.116
frost_grotto,hot_spring,frost,free_chlorine_ppm,7,0.708
frost_grotto,hot_spring,frost,free_chlorine_ppm,8,0.895
frost_grotto,hot_spring,frost,free_chlorine_ppm,9,0.691
frost_grotto,hot_spring,frost,free_chlorine_ppm,10,0.821
frost_grotto,hot_spring,frost,free_chlorine_ppm,11,0.439
frost_grotto,hot_spring,frost,free_chlorine_ppm,12,0.818
frost_grotto,hot_spring,frost,calcium_hardness_ppm,1,298.055
frost_grotto,hot_spring,frost,calcium_hardness_ppm,2,260.481
frost_grotto,hot_spring,frost,calcium_hardness_ppm,3,234.13
frost_grotto,hot_spring,frost,calcium_hardness_ppm,4,224.756
frost_grotto,hot_spring,frost,calcium_hardness_ppm,5,269.553
frost_grotto,hot_spring,frost,calcium_hardness_ppm,6,223.256
frost_grotto,hot_spring,frost,calcium_hardness_ppm,7,236.968
frost_grotto,hot_spring,frost,calcium_hardness_ppm,8,258.925
frost_grotto,hot_spring,frost,calcium_hardness_ppm,9,283.141
frost_grotto,hot_spring,frost,calcium_hardness_ppm,10,263.384
frost_grotto,hot_spring,frost,calcium_hardness_ppm,11,206.531
frost_grotto,hot_spring,frost,calcium_hardness_ppm,12,256.875
frost_grotto,hot_spring,frost,total_alkalinity_ppm,1,97.98
frost_grotto,hot_spring,frost,total_alkalinity_ppm,2,108.447
frost_grotto,hot_spring,frost,total_alkalinity_ppm,3,117.154
frost_grotto,hot_spring,frost,total_alkalinity_ppm,4,111.874
frost_grotto,hot_spring,frost,total_alkalinity_ppm,5,110.924
frost_grotto,hot_spring,frost,total_alkalinity_ppm,6,111.379
frost_grotto,hot_spring,frost,total_alkalinity_ppm,7,105.977
frost_grotto,hot_spring,frost,total_alkalinity_ppm,8,108.691
frost_grotto,hot_spring,frost,total_alkalinity_ppm,9,102.115
frost_grotto,hot_spring,frost,total_alkalinity_ppm,10,105.328
frost_grotto,hot_spring,frost,total_alkalinity_ppm,11,100.485
frost_grotto,hot_spring,frost,total_alkalinity_ppm,12,121.231
frost_grotto,hot_spring,frost,total_dissolved_solids_ppm,1,861.448
frost_grotto,hot_spring,frost,total_dissolved_solids_ppm,2,1029.991
frost_grotto,hot_spring,frost,total_dissolved_solids_ppm,3,1058.62
frost_grotto,hot_spring,frost,total_dissolved_solids_ppm,4,930.853
frost_grotto,hot_spring,frost,total_dissolved_solids_ppm,5,839.843
frost_grotto,hot_spring,frost,total_dissolved_solids_ppm,6,695.087
frost_grotto,hot_spring,frost,total_dissolved_solids_ppm,7,933.143
frost_grotto,hot_spring,frost,total_dissolved_solids_ppm,8,948.463
frost_grotto,hot_spring,frost,total_dissolved_solids_ppm,9,782.919
frost_grotto,hot_spring,frost,total_dissolved_solids_ppm,10,1005.302
frost_grotto,hot_spring,frost,total_dissolved_solids_ppm,11,1134.383
frost_grotto,hot_spring,frost,total_dissolved_solids_ppm,12,952.989
frost_grotto,hot_spring,frost,turbidity_NTU,1,0.611
frost_grotto,hot_spring,frost,turbidity_NTU,2,0.619
frost_grotto,hot_spring,frost,turbidity_NTU,3,0.68
frost_grotto,hot_spring,frost,turbidity_NTU,4,0.665
frost_grotto,hot_spring,frost,turbidity_NTU,5,0.546
frost_grotto,hot_spring,frost,turbidity_NTU,6,0.749
frost_grotto,hot_spring,frost,turbidity_NTU,7,0.68
frost_grotto,hot_spring,frost,turbidity_NTU,8,0.658
frost_grotto,hot_spring,frost,turbidity_NTU,9,0.523
frost_grotto,hot_spring,frost,turbidity_NTU,10,0.643
frost_grotto,hot_spring,frost,turbidity_NTU,11,0.427
frost_grotto,hot_spring,frost,turbidity_NTU,12,0.675
slate_pool,hot_spring,slate,temperature_C,1,40.149
slate_pool,hot_spring,slate,temperature_C,2,40.104
slate_pool,hot_spring,slate,temperature_C,3,40.455
slate_pool,hot_spring,slate,temperature_C,4,40.694
slate_pool,hot_spring,slate,temperature_C,5,39.794
slate_pool,hot_spring,slate,temperature_C,6,40.041
slate_pool,hot_spring,slate,temperature_C,7,40.022
slate_pool,hot_spring,slate,temperature_C,8,39.594
slate_pool,hot_spring,slate,temperature_C,9,39.747
slate_pool,hot_spring,slate,temperature_C,10,40.683
slate_pool,hot_spring,slate,temperature_C,11,40.613
slate_pool,hot_spring,slate,temperature_C,12,39.972
slate_pool,hot_spring,slate,pH,1,7.632
slate_pool,hot_spring,slate,pH,2,7.623
slate_pool,hot_spring,slate,pH,3,7.639
slate_pool,hot_spring,slate,pH,4,7.686
slate_pool,hot_spring,slate,pH,5,7.592
slate_pool,hot_spring,slate,pH,6,7.485
slate_pool,hot_spring,slate,pH,7,7.479
slate_pool,hot_spring,slate,pH,8,7.588
slate_pool,hot_spring,slate,pH,9,7.483
slate_pool,hot_spring,slate,pH,10,7.639
slate_pool,hot_spring,slate,pH,11,7.52
slate_pool,hot_spring,slate,pH,12,7.518
slate_pool,hot_spring,slate,salinity_ppt,1,0.54
slate_pool,hot_spring,slate,salinity_ppt,2,0.719
slate_pool,hot_spring,slate,salinity_ppt,3,0.63
slate_pool,hot_spring,slate,salinity_ppt,4,0.586
slate_pool,hot_spring,slate,salinity_ppt,5,0.563
slate_pool,hot_spring,slate,salinity_ppt,6,0.655
slate_pool,hot_spring,slate,salinity_ppt,7,0.572
slate_pool,hot_spring,slate,salinity_ppt,8,0.7
slate_pool,hot_spring,slate,salinity_ppt,9,0.668
slate_pool,hot_spring,slate,salinity_ppt,10,0.457
slate_pool,hot_spring,slate,salinity_ppt,11,0.685
slate_pool,hot_spring,slate,salinity_ppt,12,0.604
slate_pool,hot_spring,slate,free_chlorine_ppm,1,0.792
slate_pool,hot_spring,slate,free_chlorine_ppm,2,0.866
slate_pool,hot_spring,slate,free_chlorine_ppm,3,0.972
slate_pool,hot_spring,slate,free_chlorine_ppm,4,1.053
slate_pool,hot_spring,slate,free_chlorine_ppm,5,0.94
slate_pool,hot_spring,slate,free_chlorine_ppm,6,0.675
slate_pool,hot_spring,slate,free_chlorine_ppm,7,0.831
slate_pool,hot_spring,slate,free_chlorine_ppm,8,0.707
slate_pool,hot_spring,slate,free_chlorine_ppm,9,0.953
slate_pool,hot_spring,slate,free_chlorine_ppm,10,1.15
slate_pool,hot_spring,slate,free_chlorine_ppm,11,1.063
slate_pool,hot_spring,slate,free_chlorine_ppm,12,0.876
slate_pool,hot_spring,slate,calcium_hardness_ppm,1,273.101
slate_pool,hot_spring,slate,calcium_hardness_ppm,2,221.456
slate_pool,hot_spring,slate,calcium_hardness_ppm,3,208.984
slate_pool,hot_spring,slate,calcium_hardness_ppm,4,248.52
slate_pool,hot_spring,slate,calcium_hardness_ppm,5,259.914
slate_pool,hot_spring,slate,calcium_hardness_ppm,6,197.662
slate_pool,hot_spring,slate,calcium_hardness_ppm,7,275.076
slate_pool,hot_spring,slate,calcium_hardness_ppm,8,239.605
slate_pool,hot_spring,slate,calcium_hardness_ppm,9,226.431
slate_pool,hot_spring,slate,calcium_hardness_ppm,10,274.739
slate_pool,hot_spring,slate,calcium_hardness_ppm,11,246.98
slate_pool,hot_spring,slate,calcium_hardness_ppm,12,231.052
slate_pool,hot_spring,slate,total_alkalinity_ppm,1,124.417
slate_pool,hot_spring,slate,total_alkalinity_ppm,2,109.771
slate_pool,hot_spring,slate,total_alkalinity_ppm,3,95.67
slate_pool,hot_spring,slate,total_alkalinity_ppm,4,116.316
slate_pool,hot_spring,slate,total_alkalinity_ppm,5,105.919
slate_pool,hot_spring,slate,total_alkalinity_ppm,6,103.154
slate_pool,hot_spring,slate,total_alkalinity_ppm,7,114.844
slate_pool,hot_spring,slate,total_alkalinity_ppm,8,95.742
slate_pool,hot_spring,slate,total_alkalinity_ppm,9,106.111
slate_pool,hot_spring,slate,total_alkalinity_ppm,10,106.553
slate_pool,hot_spring,slate,total_alkalinity_ppm,11,114.469
slate_pool,hot_spring,slate,total_alkalinity_ppm,12,111.849
slate_pool,hot_spring,slate,total_dissolved_solids_ppm,1,904.36
slate_pool,hot_spring,slate,total_dissolved_solids_ppm,2,1130.918
slate_pool,hot_spring,slate,total_dissolved_solids_ppm,3,803.801
slate_pool,hot_spring,slate,total_dissolved_solids_ppm,4,878.942
slate_pool,hot_spring,slate,total_dissolved_solids_ppm,5,815.589
slate_pool,hot_spring,slate,total_dissolved_solids_ppm,6,910.745
slate_pool,hot_spring,slate,total_dissolved_solids_ppm,7,1007.233
slate_pool,hot_spring,slate,total_dissolved_solids_ppm,8,737.035
slate_pool,hot_spring,slate,total_dissolved_solids_ppm,9,797.204
slate_pool,hot_spring,slate,total_dissolved_solids_ppm,10,921.571
slate_pool,hot_spring,slate,total_dissolved_solids_ppm,11,887.993
slate_pool,hot_spring,slate,total_dissolved_solids_ppm,12,911.858
slate_pool,hot_spring,slate,turbidity_NTU,1,0.452
slate_pool,hot_spring,slate,turbidity_NTU,2,0.666
slate_pool,hot_spring,slate,turbidity_NTU,3,0.372
slate_pool,hot_spring,slate,turbidity_NTU,4,0.608
slate_pool,hot_spring,slate,turbidity_NTU,5,0.766
slate_pool,hot_spring,slate,turbidity_NTU,6,0.422
slate_pool,hot_spring,slate,turbidity_NTU,7,0.706
slate_pool,hot_spring,slate,turbidity_NTU,8,0.387
slate_pool,hot_spring,slate,turbidity_NTU,9,0.515
slate_pool,hot_spring,slate,turbidity_NTU,10,0.713
slate_pool,hot_spring,slate,turbidity_NTU,11,0.454
slate_pool,hot_spring,slate,turbidity_NTU,12,0.67
slate_grotto,hot_spring,slate,temperature_C,1,40.42
slate_grotto,hot_spring,slate,temperature_C,2,40.775
slate_grotto,hot_spring,slate,temperature_C,3,40.233
slate_grotto,hot_spring,slate,temperature_C,4,40.367
slate_grotto,hot_spring,slate,temperature_C,5,40.241
slate_grotto,hot_spring,slate,temperature_C,6,40.04
slate_grotto,hot_spring,slate,temperature_C,7,40.794
slate_grotto,hot_spring,slate,temperature_C,8,40.397
slate_grotto,hot_spring,slate,temperature_C,9,40.261
slate_grotto,hot_spring,slate,temperature_C,10,40.9
slate_grotto,hot_spring,slate,temperature_C,11,40.581
slate_grotto,hot_spring,slate,temperature_C,12,40.643
slate_grotto,hot_spring,slate,pH,1,7.459
slate_grotto,hot_spring,slate,pH,2,7.653
slate_grotto,hot_spring,slate,pH,3,7.665
slate_grotto,hot_spring,slate,pH,4,7.59
slate_grotto,hot_spring,slate,pH,5,7.589
slate_grotto,hot_spring,slate,pH,6,7.562
slate_grotto,hot_spring,slate,pH,7,7.658
slate_grotto,hot_spring,slate,pH,8,7.604
slate_grotto,hot_spring,slate,pH,9,7.625
slate_grotto,hot_spring,slate,pH,10,7.529
slate_grotto,hot_spring,slate,pH,11,7.497
slate_grotto,hot_spring,slate,pH,12,7.673
slate_grotto,hot_spring,slate,salinity_ppt,1,0.699
slate_grotto,hot_spring,slate,salinity_ppt,2,0.708
slate_grotto,hot_spring,slate,salinity_ppt,3,0.534
slate_grotto,hot_spring,slate,salinity_ppt,4,0.597
slate_grotto,hot_spring,slate,salinity_ppt,5,0.515
slate_grotto,hot_spring,slate,salinity_ppt,6,0.687
slate_grotto,hot_spring,slate,salinity_ppt,7,0.534
slate_grotto,hot_spring,slate,salinity_ppt,8,0.64
slate_grotto,hot_spring,slate,salinity_ppt,9,0.467
slate_grotto,hot_spring,slate,salinity_ppt,10,0.619
slate_grotto,hot_spring,slate,salinity_ppt,11,0.526
slate_grotto,hot_spring,slate,salinity_ppt,12,0.501
slate_grotto,hot_spring,slate,free_chlorine_ppm,1,1.155
slate_grotto,hot_spring,slate,free_chlorine_ppm,2,0.906
slate_grotto,hot_spring,slate,free_chlorine_ppm,3,0.815
slate_grotto,hot_spring,slate,free_chlorine_ppm,4,1.18
slate_grotto,hot_spring,slate,free_chlorine_ppm,5,0.864
slate_grotto,hot_spring,slate,free_chlorine_ppm,6,1.396
slate_grotto,hot_spring,slate,free_chlorine_ppm,7,0.976
slate_grotto,hot_spring,slate,free_chlorine_ppm,8,1.073
slate_grotto,hot_spring,slate,free_chlorine_ppm,9,1.064
slate_grotto,hot_spring,slate,free_chlorine_ppm,10,0.747
slate_grotto,hot_spring,slate,free_chlorine_ppm,11,0.946
slate_grotto,hot_spring,slate,free_chlorine_ppm,12,1.325
slate_grotto,hot_spring,slate,calcium_hardness_ppm,1,268.765
slate_grotto,hot_spring,slate,calcium_hardness_ppm,2,262.557
slate_grotto,hot_spring,slate,calcium_hardness_ppm,3,229.844
slate_grotto,hot_spring,slate,calcium_hardness_ppm,4,262.997
slate_grotto,hot_spring,slate,calcium_hardness_ppm,5,253.216
slate_grotto,hot_spring,slate,calcium_hardness_ppm,6,287.709
slate_grotto,hot_spring,slate,calcium_hardness_ppm,7,251.508
slate_grotto,hot_spring,slate,calcium_hardness_ppm,8,255.976
slate_grotto,hot_spring,slate,calcium_hardness_ppm,9,238.822
slate_grotto,hot_spring,slate,calcium_hardness_ppm,10,276.856
slate_grotto,hot_spring,slate,calcium_hardness_ppm,11,289.767
slate_grotto,hot_spring,slate,calcium_hardness_ppm,12,225.389
slate_grotto,hot_spring,slate,total_alkalinity_ppm,1,110.858
slate_grotto,hot_spring,slate,total_alkalinity_ppm,2,107.515
slate_grotto,hot_spring,slate,total_alkalinity_ppm,3,110.221
slate_grotto,hot_spring,slate,total_alkalinity_ppm,4,112.744
slate_grotto,hot_spring,slate,total_alkalinity_ppm,5,113.113
slate_grotto,hot_spring,slate,total_alkalinity_ppm,6,110.826
slate_grotto,hot_spring,slate,total_alkalinity_ppm,7,106.147
slate_grotto,hot_spring,slate,total_alkalinity_ppm,8,98.148
slate_grotto,hot_spring,slate,total_alkalinity_ppm,9,85.508
slate_grotto,hot_spring,slate,total_alkalinity_ppm,10,102.032
slate_grotto,hot_spring,slate,total_alkalinity_ppm,11,109.404
slate_grotto,hot_spring,slate,total_alkalinity_ppm,12,98.941
slate_grotto,hot_spring,slate,total_dissolved_solids_ppm,1,821.105
slate_grotto,hot_spring,slate,total_dissolved_solids_ppm,2,849.806
slate_grotto,hot_spring,slate,total_dissolved_solids_ppm,3,911.617
slate_grotto,hot_spring,slate,total_dissolved_solids_ppm,4,953.552
slate_grotto,hot_spring,slate,total_dissolved_solids_ppm,5,1011.76
slate_grotto,hot_spring,slate,total_dissolved_solids_ppm,6,901.77
slate_grotto,hot_spring,slate,total_dissolved_solids_ppm,7,826.162
slate_grotto,hot_spring,slate,total_dissolved_solids_ppm,8,850.339
slate_grotto,hot_spring,slate,total_dissolved_solids_ppm,9,814.502
slate_grotto,hot_spring,slate,total_dissolved_solids_ppm,10,897.496
slate_grotto,hot_spring,slate,total_dissolved_solids_ppm,11,885.172
slate_grotto,hot_spring,slate,total_dissolved_solids_ppm,12,974.932
slate_grotto,hot_spring,slate,turbidity_NTU,1,0.544
slate_grotto,hot_spring,slate,turbidity_NTU,2,0.563
slate_grotto,hot_spring,slate,turbidity_NTU,3,0.499
slate_grotto,hot_spring,slate,turbidity_NTU,4,0.625
slate_grotto,hot_spring,slate,turbidity_NTU,5,0.601
slate_grotto,hot_spring,slate,turbidity_NTU,6,0.754
slate_grotto,hot_spring,slate,turbidity_NTU,7,0.565
slate_grotto,hot_spring,slate,turbidity_NTU,8,0.639
slate_grotto,hot_spring,slate,turbidity_NTU,9,0.639
slate_grotto,hot_spring,slate,turbidity_NTU,10,0.498
slate_grotto,hot_spring,slate,turbidity_NTU,11,0.506
slate_grotto,hot_spring,slate,turbidity_NTU,12,0.502
gale_pool,hot_spring,gale,temperature_C,1,40.293
gale_pool,hot_spring,gale,temperature_C,2,40.337
gale_pool,hot_spring,gale,temperature_C,3,40.48
gale_pool,hot_spring,gale,temperature_C,4,40.585
gale_pool,hot_spring,gale,temperature_C,5,40.892
gale_pool,hot_spring,gale,temperature_C,6,40.581
gale_pool,hot_spring,gale,temperature_C,7,39.703
gale_pool,hot_spring,gale,temperature_C,8,39.952
gale_pool,hot_spring,gale,temperature_C,9,40.421
gale_pool,hot_spring,gale,temperature_C,10,40.112
gale_pool,hot_spring,gale,temperature_C,11,40.922
gale_pool,hot_spring,gale,temperature_C,12,40.454
gale_pool,hot_spring,gale,pH,1,7.552
gale_pool,hot_spring,gale,pH,2,7.71
gale_pool,hot_spring,gale,pH,3,7.542
gale_pool,hot_spring,gale,pH,4,7.494
gale_pool,hot_spring,gale,pH,5,7.548
gale_pool,hot_spring,gale,pH,6,7.611
gale_pool,hot_spring,gale,pH,7,7.539
gale_pool,hot_spring,gale,pH,8,7.586
gale_pool,hot_spring,gale,pH,9,7.57
gale_pool,hot_spring,gale,pH,10,7.441
gale_pool,hot_spring,gale,pH,11,7.545
gale_pool,hot_spring,gale,pH,12,7.584
gale_pool,hot_spring,gale,salinity_ppt,1,0.677
gale_pool,hot_spring,gale,salinity_ppt,2,0.579
gale_pool,hot_spring,gale,salinity_ppt,3,0.616
gale_pool,hot_spring,gale,salinity_ppt,4,0.585
gale_pool,hot_spring,gale,salinity_ppt,5,0.617
gale_pool,hot_spring,gale,salinity_ppt,6,0.573
gale_pool,hot_spring,gale,salinity_ppt,7,0.578
gale_pool,hot_spring,gale,salinity_ppt,8,0.557
gale_pool,hot_spring,gale,salinity_ppt,9,0.567
gale_pool,hot_spring,gale,salinity_ppt,10,0.434
gale_pool,hot_spring,gale,salinity_ppt,11,0.53
gale_pool,hot_spring,gale,salinity_ppt,12,0.697
gale_pool,hot_spring,gale,free_chlorine_ppm,1,1.16
gale_pool,hot_spring,gale,free_chlorine_ppm,2,0.749
gale_pool,hot_spring,gale,free_chlorine_ppm,3,0.565
gale_pool,hot_spring,gale,free_chlorine_ppm,4,1.172
gale_pool,hot_spring,gale,free_chlorine_ppm,5,1.115
gale_pool,hot_spring,gale,free_chlorine_ppm,6,1.007
gale_pool,hot_spring,gale,free_chlorine_ppm,7,0.86
gale_pool,hot_spring,gale,free_chlorine_ppm,8,0.623
gale_pool,hot_spring,gale,free_chlorine_ppm,9,1.132
gale_pool,hot_spring,gale,free_chlorine_ppm,10,1.098
gale_pool,hot_spring,gale,free_chlorine_ppm,11,1.232
gale_pool,hot_spring,gale,free_chlorine_ppm,12,0.851
gale_pool,hot_spring,gale,calcium_hardness_ppm,1,266.822
gale_pool,hot_spring,gale,calcium_hardness_ppm,2,281.92
gale_pool,hot_spring,gale,calcium_hardness_ppm,3,261.634
gale_pool,hot_spring,gale,calcium_hardness_ppm,4,252.266
gale_pool,hot_spring,gale,calcium_hardness_ppm,5,208.447
gale_pool,hot_spring,gale,calcium_hardness_ppm,6,248.0
gale_pool,hot_spring,gale,calcium_hardness_ppm,7,203.892
gale_pool,hot_spring,gale,calcium_hardness_ppm,8,289.383
gale_pool,hot_spring,gale,calcium_hardness_ppm,9,272.651
gale_pool,hot_spring,gale,calcium_hardness_ppm,10,248.911
gale_pool,hot_spring,gale,calcium_hardness_ppm,11,245.404
gale_pool,hot_spring,gale,calcium_hardness_ppm,12,239.876
gale_pool,hot_spring,gale,total_alkalinity_ppm,1,102.849
gale_pool,hot_spring,gale,total_alkalinity_ppm,2,105.664
gale_pool,hot_spring,gale,total_alkalinity_ppm,3,95.962
gale_pool,hot_spring,gale,total_alkalinity_ppm,4,102.456
gale_pool,hot_spring,gale,total_alkalinity_ppm,5,102.216
gale_pool,hot_spring,gale,total_alkalinity_ppm,6,100.908
gale_pool,hot_spring,gale,total_alkalinity_ppm,7,113.743
gale_pool,hot_spring,gale,total_alkalinity_ppm,8,110.676
gale_pool,hot_spring,gale,total_alkalinity_ppm,9,115.599
gale_pool,hot_spring,gale,total_alkalinity_ppm,10,98.472
gale_pool,hot_spring,gale,total_alkalinity_ppm,11,121.072
gale_pool,hot_spring,gale,total_alkalinity_ppm,12,90.596
gale_pool,hot_spring,gale,total_dissolved_solids_ppm,1,836.917
gale_pool,hot_spring,gale,total_dissolved_solids_ppm,2,1055.482
gale_pool,hot_spring,gale,total_dissolved_solids_ppm,3,907.79
gale_pool,hot_spring,gale,total_dissolved_solids_ppm,4,885.15
gale_pool,hot_spring,gale,total_dissolved_solids_ppm,5,911.946
gale_pool,hot_spring,gale,total_dissolved_solids_ppm,6,854.894
gale_pool,hot_spring,gale,total_dissolved_solids_ppm,7,929.176
gale_pool,hot_spring,gale,total_dissolved_solids_ppm,8,928.846
gale_pool,hot_spring,gale,total_dissolved_solids_ppm,9,906.112
gale_pool,hot_spring,gale,total_dissolved_solids_ppm,10,759.145
gale_pool,hot_spring,gale,total_dissolved_solids_ppm,11,846.048
gale_pool,hot_spring,gale,total_dissolved_solids_ppm,12,914.428
gale_pool,hot_spring,gale,turbidity_NTU,1,0.497
gale_pool,hot_spring,gale,turbidity_NTU,2,0.495
gale_pool,hot_spring,gale,turbidity_NTU,3,0.52
gale_pool,hot_spring,gale,turbidity_NTU,4,0.581
gale_pool,hot_spring,gale,turbidity_NTU,5,0.65
gale_pool,hot_spring,gale,turbidity_NTU,6,0.63
gale_pool,hot_spring,gale,turbidity_NTU,7,0.677
gale_pool,hot_spring,gale,turbidity_NTU,8,0.624
gale_pool,hot_spring,gale,turbidity_NTU,9,0.518
gale_pool,hot_spring,gale,turbidity_NTU,10,0.674
gale_pool,hot_spring,gale,turbidity_NTU,11,0.702
gale_pool,hot_spring,gale,turbidity_NTU,12,0.555
gale_grotto,hot_spring,gale,temperature_C,1,41.167
gale_grotto,hot_spring,gale,temperature_C,2,40.989
gale_grotto,hot_spring,gale,temperature_C,3,40.752
gale_grotto,hot_spring,gale,temperature_C,4,40.594
gale_grotto,hot_spring,gale,temperature_C,5,40.702
gale_grotto,hot_spring,gale,temperature_C,6,40.731
gale_grotto,hot_spring,gale,temperature_C,7,40.924
gale_grotto,hot_spring,gale,temperature_C,8,40.655
gale_grotto,hot_spring,gale,temperature_C,9,40.337
gale_grotto,hot_spring,gale,temperature_C,10,40.546
gale_grotto,hot_spring,gale,temperature_C,11,40.389
gale_grotto,hot_spring,gale,temperature_C,12,39.665
gale_grotto,hot_spring,gale,pH,1,7.596
gale_grotto,hot_spring,gale,pH,2,7.518
gale_grotto,hot_spring,gale,pH,3,7.534
gale_grotto,hot_spring,gale,pH,4,7.536
gale_grotto,hot_spring,gale,pH,5,7.496
gale_grotto,hot_spring,gale,pH,6,7.519
gale_grotto,hot_spring,gale,pH,7,7.639
gale_grotto,hot_spring,gale,pH,8,7.626
gale_grotto,hot_spring,gale,pH,9,7.408
gale_grotto,hot_spring,gale,pH,10,7.594
gale_grotto,hot_spring,gale,pH,11,7.463
gale_grotto,hot_spring,gale,pH,12,7.537
gale_grotto,hot_spring,gale,salinity_ppt,1,0.665
gale_grotto,hot_spring,gale,salinity_ppt,2,0.554
gale_grotto,hot_spring,gale,salinity_ppt,3,0.5
gale_grotto,hot_spring,gale,salinity_ppt,4,0.573
gale_grotto,hot_spring,gale,salinity_ppt,5,0.479
gale_grotto,hot_spring,gale,salinity_ppt,6,0.611
gale_grotto,hot_spring,gale,salinity_ppt,7,0.69
gale_grotto,hot_spring,gale,salinity_ppt,8,0.661
gale_grotto,hot_spring,gale,salinity_ppt,9,0.494
gale_grotto,hot_spring,gale,salinity_ppt,10,0.593
gale_grotto,hot_spring,gale,salinity_ppt,11,0.593
gale_grotto,hot_spring,gale,salinity_ppt,12,0.606
gale_grotto,hot_spring,gale,free_chlorine_ppm,1,1.058
gale_grotto,hot_spring,gale,free_chlorine_ppm,2,1.132
gale_grotto,hot_spring,gale,free_chlorine_ppm,3,0.928
gale_grotto,hot_spring,gale,free_chlorine_ppm,4,1.478
gale_grotto,hot_spring,gale,free_chlorine_ppm,5,0.785
gale_grotto,hot_spring,gale,free_chlorine_ppm,6,0.966
gale_grotto,hot_spring,gale,free_chlorine_ppm,7,1.121
gale_grotto,hot_spring,gale,free_chlorine_ppm,8,0.868
gale_grotto,hot_spring,gale,free_chlorine_ppm,9,0.871
gale_grotto,hot_spring,gale,free_chlorine_ppm,10,0.897
gale_grotto,hot_spring,gale,free_chlorine_ppm,11,0.743
gale_grotto,hot_spring,gale,free_chlorine_ppm,12,0.786
gale_grotto,hot_spring,gale,calcium_hardness_ppm,1,231.305
gale_grotto,hot_spring,gale,calcium_hardness_ppm,2,303.216
gale_grotto,hot_spring,gale,calcium_hardness_ppm,3,255.201
gale_grotto,hot_spring,gale,calcium_hardness_ppm,4,264.26
gale_grotto,hot_spring,gale,calcium_hardness_ppm,5,238.275
gale_grotto,hot_spring,gale,calcium_hardness_ppm,6,219.36
gale_grotto,hot_spring,gale,calcium_hardness_ppm,7,251.282
gale_grotto,hot_spring,gale,calcium_hardness_ppm,8,250.317
gale_grotto,hot_spring,gale,calcium_hardness_ppm,9,235.343
gale_grotto,hot_spring,gale,calcium_hardness_ppm,10,273.768
gale_grotto,hot_spring,gale,calcium_hardness_ppm,11,234.968
gale_grotto,hot_spring,gale,calcium_hardness_ppm,12,273.697
gale_grotto,hot_spring,gale,total_alkalinity_ppm,1,106.822
gale_grotto,hot_spring,gale,total_alkalinity_ppm,2,127.979
gale_grotto,hot_spring,gale,total_alkalinity_ppm,3,112.52
gale_grotto,hot_spring,gale,total_alkalinity_ppm,4,114.21
gale_grotto,hot_spring,gale,total_alkalinity_ppm,5,106.665
gale_grotto,hot_spring,gale,total_alkalinity_ppm,6,116.601
gale_grotto,hot_spring,gale,total_alkalinity_ppm,7,116.144
gale_grotto,hot_spring,gale,total_alkalinity_ppm,8,115.942
gale_grotto,hot_spring,gale,total_alkalinity_ppm,9,96.549
gale_grotto,hot_spring,gale,total_alkalinity_ppm,10,123.665
gale_grotto,hot_spring,gale,total_alkalinity_ppm,11,98.917
gale_grotto,hot_spring,gale,total_alkalinity_ppm,12,102.99
gale_grotto,hot_spring,gale,total_dissolved_solids_ppm,1,826.061
gale_grotto,hot_spring,gale,total_dissolved_solids_ppm,2,927.384
gale_grotto,hot_spring,gale,total_dissolved_solids_ppm,3,1078.432
gale_grotto,hot_spring,gale,total_dissolved_solids_ppm,4,899.539
gale_grotto,hot_spring,gale,total_dissolved_solids_ppm,5,810.836
gale_grotto,hot_spring,gale,total_dissolved_solids_ppm,6,968.019
gale_grotto,hot_spring,gale,total_dissolved_solids_ppm,7,777.109
gale_grotto,hot_spring,gale,total_dissolved_solids_ppm,8,818.489
gale_grotto,hot_spring,gale,total_dissolved_solids_ppm,9,838.015
gale_grotto,hot_spring,gale,total_dissolved_solids_ppm,10,911.243
gale_grotto,hot_spring,gale,total_dissolved_solids_ppm,11,971.723
gale_grotto,hot_spring,gale,total_dissolved_solids_ppm,12,821.441
gale_grotto,hot_spring,gale,turbidity_NTU,1,0.542
gale_grotto,hot_spring,gale,turbidity_NTU,2,0.611
gale_grotto,hot_spring,gale,turbidity_NTU,3,0.512
gale_grotto,hot_spring,gale,turbidity_NTU,4,0.664
gale_grotto,hot_spring,gale,turbidity_NTU,5,0.543
gale_grotto,hot_spring,gale,turbidity_NTU,6,0.556
gale_grotto,hot_spring,gale,turbidity_NTU,7,0.591
gale_grotto,hot_spring,gale,turbidity_NTU,8,0.727
gale_grotto,hot_spring,gale,turbidity_NTU,9,0.581
gale_grotto,hot_spring,gale,turbidity_NTU,10,0.633
gale_grotto,hot_spring,gale,turbidity_NTU,11,0.576
gale_grotto,hot_spring,gale,turbidity_NTU,12,0.767
